PROVINCIA;MUNICIPIO;ESTACION;MAGNITUD;PUNTO_MUESTREO;ANO;MES;D01;V01;D02;V02;D03;V03;D04;V04;D05;V05;D06;V06;D07;V07;D08;V08;D09;V09;D10;V10;D11;V11;D12;V12;D13;V13;D14;V14;D15;V15;D16;V16;D17;V17;D18;V18;D19;V19;D20;V20;D21;V21;D22;V22;D23;V23;D24;V24;D25;V25;D26;V26;D27;V27;D28;V28;D29;V29;D30;V30;D31;V31
28;79;4;1;28079004_1_38;2020;1;9;V;10;V;9;V;7;V;8;V;9;V;12;V;14;V;11;V;9;V;8;V;9;V;8;V;9;V;10;V;11;V;9;V;8;V;6;V;4;N;0;N;0;N;0;N;0;N;0;N;0;N;0;N;0;N;0;N;6;N;7;V
28;79;4;1;28079004_1_38;2020;2;8;V;9;V;10;V;11;V;9;V;9;V;9;V;10;V;10;V;9;V;10;V;10;V;10;V;9;V;9;V;10;V;11;V;10;V;10;V;10;V;10;V;11;V;11;V;11;V;12;V;10;V;9;V;11;V;1;N;0;N;0;N
28;79;4;6;28079004_6_48;2020;1;0,7;V;0,7;V;0,8;V;0,4;V;0,5;V;0,5;V;0,8;V;0,9;V;0,6;V;0,3;V;0,4;V;0,5;V;0,5;V;0,5;V;0,5;V;0,4;V;0,2;V;0,3;V;0,2;V;0,1;N;0;N;0;N;0;N;0;N;0;N;0;N;0;N;0;N;0;N;0,1;N;0,1;V
28;79;4;6;28079004_6_48;2020;2;0,1;V;0,1;V;0,3;V;0,4;V;0,3;V;0,4;V;0,4;V;0,4;V;0,2;V;0,3;V;0,4;V;0,3;V;0,2;V;0,3;V;0,3;V;0,3;V;0,2;V;0,2;V;0,3;V;0,4;V;0,4;V;0,4;V;0,3;V;0,4;V;0,3;V;0,1;V;0,1;V;0,2;V;0,6;N;0;N;0;N
28;79;4;7;28079004_7_8;2020;1;80;V;116;V;131;V;41;V;53;V;64;V;136;V;156;V;99;V;40;V;38;V;56;V;77;V;84;V;72;V;49;V;16;V;20;V;6;V;16;N;0;N;0;N;0;N;0;N;0;N;0;N;0;N;0;N;0;N;5;N;7;V
28;79;4;7;28079004_7_8;2020;2;3;V;7;V;45;V;71;V;33;V;44;V;54;V;42;V;20;V;36;V;61;V;39;V;12;V;32;V;36;V;24;V;27;V;20;V;40;V;55;V;54;V;42;V;28;V;47;V;53;V;10;V;8;V;32;V;61;N;0;N;0;N
28;79;4;8;28079004_8_8;2020;1;58;V;70;V;72;V;42;V;56;V;56;V;86;V;93;V;78;V;46;V;55;V;63;V;71;V;68;V;80;V;70;V;42;V;48;V;26;V;35;N;0;N;0;N;0;N;0;N;0;N;0;N;0;N;0;N;0;N;21;N;20;V
28;79;4;8;28079004_8_8;2020;2;13;V;26;V;40;V;40;V;43;V;50;V;45;V;37;V;33;V;47;V;50;V;49;V;33;V;44;V;34;V;29;V;33;V;43;V;53;V;62;V;58;V;59;V;48;V;59;V;43;V;25;V;25;V;42;V;60;N;0;N;0;N
28;79;4;12;28079004_12_8;2020;1;181;V;247;V;273;V;104;V;137;V;155;V;294;V;333;V;229;V;107;V;113;V;149;V;189;V;196;V;191;V;145;V;67;V;79;V;35;V;60;N;0;N;0;N;0;N;0;N;0;N;0;N;0;N;0;N;0;N;29;N;30;V
28;79;4;12;28079004_12_8;2020;2;18;V;38;V;109;V;149;V;93;V;117;V;128;V;102;V;64;V;102;V;144;V;108;V;51;V;93;V;90;V;66;V;74;V;74;V;115;V;147;V;141;V;122;V;90;V;131;V;124;V;41;V;38;V;90;V;153;N;0;N;0;N
28;79;8;1;28079008_1_38;2020;1;8;V;8;V;8;V;8;V;8;V;8;V;9;V;11;V;9;V;8;V;8;V;9;V;8;V;8;V;8;V;7;V;7;V;6;V;7;V;7;V;7;V;7;V;7;V;6;V;6;V;6;V;6;V;6;V;6;V;6;V;6;V
28;79;8;1;28079008_1_38;2020;2;6;V;6;V;7;V;8;V;8;V;7;V;7;V;6;V;6;V;7;V;7;V;6;V;6;V;7;V;7;V;7;V;7;V;7;V;8;V;9;V;9;V;9;V;8;V;8;V;8;V;7;V;7;V;8;V;7;V;0;N;0;N
28;79;8;6;28079008_6_48;2020;1;0,7;V;0,6;V;0,9;V;0,4;V;0,4;V;0,6;V;0,8;V;1;V;0,7;V;0,4;V;0,4;V;0,6;V;0,8;V;0,6;V;0,6;V;0,5;V;0,4;V;0,4;V;0,3;V;0,3;V;0,3;V;0,4;V;0,4;V;0,4;V;0,3;V;0,4;V;0,4;V;0,4;V;0,4;V;0,4;V;0,4;V
28;79;8;6;28079008_6_48;2020;2;0,3;V;0,3;V;0,5;V;0,6;V;0,4;V;0,5;V;0,5;V;0,4;V;0,4;V;0,5;V;0,6;V;0,5;V;0,4;V;0,5;V;0,5;V;0,5;V;0,4;V;0,4;V;0,4;V;0,7;V;0,6;V;0,6;V;0,5;V;0,5;V;0,5;V;0,3;V;0,4;V;0,4;V;0,3;V;0;N;0;N
28;79;8;7;28079008_7_8;2020;1;60;V;65;V;133;V;9;V;24;V;40;V;93;V;142;V;72;V;19;V;22;V;48;V;81;V;62;V;46;V;31;V;20;V;18;V;5;V;11;V;14;V;20;V;24;V;16;V;8;V;12;V;27;V;17;V;16;V;16;V;15;V
28;79;8;7;28079008_7_8;2020;2;10;V;9;V;54;V;86;V;23;V;32;V;33;V;27;V;12;V;35;V;62;V;44;V;27;V;34;V;37;V;43;V;24;V;17;V;30;V;65;V;49;V;35;V;18;V;33;V;56;V;6;V;11;V;34;V;18;V;0;N;0;N
28;79;8;8;28079008_8_8;2020;1;65;V;67;V;77;V;42;V;50;V;59;V;84;V;101;V;80;V;55;V;54;V;71;V;79;V;72;V;79;V;67;V;51;V;52;V;29;V;36;V;36;V;51;V;52;V;48;V;37;V;39;V;47;V;37;V;37;V;41;V;38;V
28;79;8;8;28079008_8_8;2020;2;30;V;33;V;47;V;61;V;56;V;61;V;57;V;50;V;42;V;52;V;55;V;49;V;44;V;49;V;49;V;47;V;43;V;49;V;56;V;81;V;69;V;71;V;53;V;68;V;65;V;38;V;45;V;60;V;35;V;0;N;0;N
28;79;8;9;28079008_9_47;2020;1;29;V;19;V;38;V;7;V;8;V;14;V;17;V;19;V;20;V;7;V;6;V;20;V;25;V;23;V;21;V;20;V;8;V;9;V;3;V;4;V;3;V;8;V;17;V;13;V;7;V;9;V;10;V;6;V;6;V;6;V;5;V
28;79;8;9;28079008_9_47;2020;2;6;V;9;V;21;V;23;V;6;V;13;V;15;V;20;V;16;V;17;V;24;V;21;V;17;V;18;V;19;V;16;V;11;V;7;V;8;V;15;V;11;V;13;V;9;V;10;V;13;V;4;V;17;V;19;V;13;V;0;N;0;N
28;79;8;10;28079008_10_47;2020;1;37;V;30;V;53;V;11;V;14;V;22;V;31;V;38;V;34;V;15;V;13;V;30;V;39;V;34;V;35;V;38;V;18;V;12;V;7;V;10;V;6;V;23;V;57;V;35;V;15;V;14;V;17;V;11;V;12;V;13;V;9;V
28;79;8;10;28079008_10_47;2020;2;9;V;12;V;42;V;48;V;13;V;24;V;27;V;34;V;24;V;25;V;35;V;30;V;25;V;27;V;29;V;26;V;17;V;14;V;20;V;31;V;27;V;31;V;23;V;26;V;30;V;13;V;80;V;72;V;45;V;0;N;0;N
28;79;8;12;28079008_12_8;2020;1;158;V;167;V;280;V;57;V;87;V;120;V;226;V;319;V;190;V;83;V;87;V;144;V;203;V;167;V;150;V;115;V;82;V;80;V;37;V;53;V;58;V;81;V;89;V;73;V;50;V;57;V;89;V;62;V;60;V;67;V;61;V
28;79;8;12;28079008_12_8;2020;2;45;V;47;V;130;V;193;V;92;V;111;V;108;V;92;V;60;V;106;V;151;V;116;V;86;V;102;V;106;V;112;V;80;V;74;V;102;V;181;V;145;V;125;V;80;V;118;V;151;V;48;V;62;V;113;V;63;V;0;N;0;N
28;79;8;14;28079008_14_6;2020;1;5;V;4;V;1;V;26;V;20;V;11;V;4;V;4;V;6;V;31;V;30;V;11;V;6;V;11;V;4;V;10;V;30;V;13;V;47;V;46;V;36;V;31;V;26;V;23;V;30;V;25;V;21;V;34;V;31;V;30;V;29;V
28;79;8;14;28079008_14_6;2020;2;28;V;17;V;9;V;6;V;31;V;15;V;16;V;14;V;20;V;12;V;2;V;2;V;10;V;9;V;14;V;19;V;11;V;28;V;29;V;14;V;31;V;24;V;42;V;26;V;23;V;55;V;43;V;26;V;43;V;0;N;0;N
28;79;8;20;28079008_20_59;2020;1;3,2;V;3,9;V;7,1;V;1,5;V;1,6;V;2,3;V;5,7;V;9,3;V;8;V;3,1;V;1,8;V;3,2;V;6,6;V;11,7;V;3,5;V;5,9;V;3,4;V;2,6;V;1,4;V;4,1;N;1,9;V;2,3;V;2,8;V;2;V;1,4;V;1,5;V;2,4;V;1,7;V;2;V;2,2;V;1,9;V
28;79;8;20;28079008_20_59;2020;2;1,4;V;1,4;V;4,1;V;7,1;V;2,9;V;3,8;V;3,2;V;3,3;V;1,8;V;3,8;V;5,6;V;4,7;V;3,1;V;3,8;V;3,6;V;3,5;V;2,5;V;2,4;V;4,5;V;6,2;V;5,1;V;5;V;2,8;V;4,1;V;6,1;V;2,5;V;3,4;V;3,9;V;2,2;V;0;N;0;N
28;79;8;30;28079008_30_59;2020;1;1,6;V;1,4;V;2,3;V;0,7;V;0,9;V;1,2;V;1,7;V;2,3;V;1,7;V;0,8;V;0,8;V;1,4;V;1,9;V;1,5;V;2,4;V;1,2;V;0,9;V;0,8;V;0,5;V;0,6;V;0,7;V;0,7;V;0,8;V;0,7;V;0,6;V;0,8;V;0,9;V;0,5;V;0,5;V;0,6;V;0,6;V
28;79;8;30;28079008_30_59;2020;2;0,4;V;0,5;V;0,8;V;1,5;V;0,9;V;1,1;V;1;V;1;V;0,8;V;0,8;V;1,1;V;0,9;V;0,8;V;1;V;1,1;V;1,2;V;0,7;V;0,8;V;1;V;1,6;V;1,4;V;1,5;V;1;V;1,2;V;1,3;V;0,7;V;0,7;V;1;V;0,7;V;0;N;0;N
28;79;8;35;28079008_35_59;2020;1;1,1;V;1,2;V;1,5;V;0,7;V;0,7;V;0,9;V;1,4;V;2;V;1,6;V;0,9;V;0,8;V;1;V;1,3;V;1,4;V;0,7;V;1,4;V;1,2;V;1;V;0,7;V;0,6;V;0,6;V;0,7;V;0,9;V;0,9;V;0,9;V;0,9;V;0,9;V;0,9;V;1;V;1,1;V;1,2;V
28;79;8;35;28079008_35_59;2020;2;1,2;V;1,2;V;1,9;V;2,6;V;1,3;V;1,4;V;1,4;V;1,4;V;1,1;V;1,5;V;1,7;V;1,6;V;1,3;V;1,4;V;1,6;V;1,5;V;1,3;V;1,1;V;1,3;V;1,7;V;2;V;2,3;V;2;V;2;V;1,8;V;1,1;V;1,2;V;1,7;V;1,1;V;0;N;0;N
28;79;8;42;28079008_42_2;2020;1;2,1;V;1,74;V;2,04;V;1,47;V;1,64;V;1,69;V;1,74;V;1,95;V;1,72;V;1,49;V;1,5;V;1,81;V;1,83;V;1,83;V;1,77;V;1,59;V;1,47;V;1,77;V;1,44;V;1,46;V;1,45;V;1,45;V;1,47;V;1,54;V;1,5;V;1,48;V;1,59;V;1,42;V;1,41;V;1,43;V;1,43;V
28;79;8;42;28079008_42_2;2020;2;1,42;V;1,5;V;1,68;V;1,89;V;1,49;V;1,55;V;1,56;V;1,94;V;1,53;V;1,63;V;1,76;V;1,78;V;1,52;V;1,59;V;1,65;V;1,71;V;1,51;V;1,48;V;1,52;V;1,64;V;1,62;V;1,66;V;1,6;V;1,62;V;1,96;V;1,46;V;1,46;V;1,61;V;1,57;V;0;N;0;N
28;79;8;43;28079008_43_2;2020;1;1,96;V;1,63;V;1,85;V;1,4;V;1,56;V;1,57;V;1,58;V;1,74;V;1,56;V;1,41;V;1,42;V;1,68;V;1,67;V;1,69;V;1,66;V;1,49;V;1,4;V;1,7;V;1,39;V;1,39;V;1,4;V;1,39;V;1,39;V;1,48;V;1,46;V;1,42;V;1,52;V;1,38;V;1,36;V;1,37;V;1,38;V
28;79;8;43;28079008_43_2;2020;2;1,36;V;1,45;V;1,57;V;1,72;V;1,41;V;1,45;V;1,47;V;1,86;V;1,47;V;1,53;V;1,63;V;1,67;V;1,45;V;1,49;V;1,53;V;1,6;V;1,44;V;1,41;V;1,43;V;1,48;V;1,47;V;1,5;V;1,48;V;1,49;V;1,82;V;1,4;V;1,4;V;1,5;V;1,51;V;0;N;0;N
28;79;8;44;28079008_44_2;2020;1;0,14;V;0,12;V;0,19;V;0,06;V;0,09;V;0,11;V;0,17;V;0,22;V;0,16;V;0,08;V;0,08;V;0,13;V;0,15;V;0,14;V;0,11;V;0,11;V;0,07;V;0,07;V;0,05;V;0,07;V;0,05;V;0,06;V;0,07;V;0,06;V;0,05;V;0,06;V;0,06;V;0,04;V;0,05;V;0,05;V;0,05;V
28;79;8;44;28079008_44_2;2020;2;0,05;V;0,05;V;0,12;V;0,17;V;0,08;V;0,1;V;0,09;V;0,08;V;0,06;V;0,09;V;0,12;V;0,1;V;0,08;V;0,09;V;0,11;V;0,11;V;0,07;V;0,07;V;0,1;V;0,16;V;0,15;V;0,16;V;0,12;V;0,12;V;0,15;V;0,06;V;0,06;V;0,12;V;0,06;V;0;N;0;N
28;79;11;7;28079011_7_8;2020;1;71;V;97;V;91;V;4;V;64;V;39;V;92;V;146;V;64;V;12;V;18;V;55;V;59;V;52;V;57;V;29;V;9;V;17;V;3;V;2;V;3;V;4;V;11;V;18;V;11;V;12;V;19;V;5;V;6;V;5;V;11;V
28;79;11;7;28079011_7_8;2020;2;4;V;11;V;48;V;74;V;21;V;36;V;30;V;34;V;11;V;43;V;56;V;54;V;15;V;32;V;27;V;21;V;19;V;12;V;27;V;61;V;69;V;43;V;16;V;25;V;43;V;16;V;13;V;30;V;11;V;0;N;0;N
28;79;11;8;28079011_8_8;2020;1;78;V;84;V;78;V;33;V;66;V;66;V;91;V;115;V;88;V;46;V;52;V;79;V;83;V;79;V;92;V;71;V;41;V;59;V;21;V;15;V;16;V;30;V;44;V;54;V;44;V;42;V;45;V;22;V;25;V;24;V;31;V
28;79;11;8;28079011_8_8;2020;2;18;V;43;V;50;V;71;V;52;V;69;V;64;V;59;V;45;V;61;V;65;V;63;V;44;V;55;V;51;V;45;V;40;V;39;V;55;V;90;V;76;V;75;V;56;V;64;V;66;V;36;V;34;V;64;V;24;V;0;N;0;N
28;79;11;12;28079011_12_8;2020;1;186;V;233;V;219;V;38;V;165;V;126;V;233;V;339;V;185;V;65;V;79;V;164;V;173;V;158;V;180;V;115;V;55;V;85;V;26;V;19;V;21;V;36;V;61;V;81;V;61;V;61;V;74;V;29;V;34;V;31;V;47;V
28;79;11;12;28079011_12_8;2020;2;24;V;60;V;124;V;185;V;84;V;123;V;110;V;111;V;62;V;127;V;150;V;146;V;66;V;104;V;92;V;77;V;69;V;58;V;97;V;184;V;182;V;141;V;81;V;102;V;132;V;60;V;53;V;110;V;40;V;0;N;0;N
28;79;11;20;28079011_20_59;2020;1;2,8;V;4,7;V;4,4;V;0,7;V;2,6;V;1,9;V;5,6;V;10,9;V;5;V;1;V;1,1;V;2,5;V;3,1;V;2,9;V;3,2;V;2,5;V;1,2;V;1,5;V;0,3;V;0,3;V;0,3;V;0,5;V;0,9;V;1;V;0,8;V;0,9;V;1,2;V;0,4;V;0,7;V;0,2;V;0,2;V
28;79;11;20;28079011_20_59;2020;2;0,3;V;0,8;V;3,2;V;4,5;V;1,6;V;2,5;V;2,2;V;2,5;V;1,1;V;2,4;V;3,5;V;3,1;V;1,4;V;2,1;V;1,6;V;1,4;V;1,1;V;1;V;1,9;V;4;V;5,1;V;3,4;V;1,6;V;2;V;2,6;V;1,9;V;0,8;V;2,1;V;1;V;0;N;0;N
28;79;11;30;28079011_30_59;2020;1;1,4;V;1,4;V;1,4;V;0,3;V;1,1;V;0,9;V;1,5;V;2,5;V;1,2;V;0,4;V;0,5;V;1,2;V;1,1;V;1;V;1;V;0,8;V;0,4;V;0,7;V;0,2;V;0,2;V;0,3;V;0,3;V;0,4;V;0,5;V;0,5;V;0,5;V;0,5;V;0,3;V;0,2;V;0,2;V;0,1;V
28;79;11;30;28079011_30_59;2020;2;0,2;V;0,3;V;0,7;V;0,9;V;0,5;V;0,7;V;0,7;V;0,9;V;0,6;V;0,7;V;0,8;V;0,7;V;0,6;V;0,7;V;0,6;V;0,6;V;0,4;V;0,4;V;0,8;V;1,1;V;1,4;V;1,1;V;0,6;V;0,6;V;0,7;V;0,4;V;0,3;V;0,6;V;0,4;V;0;N;0;N
28;79;11;35;28079011_35_59;2020;1;0,4;V;0,5;V;0,6;V;0,1;V;0,3;V;0,3;V;0,6;V;0,9;V;0,6;V;0,2;V;0,2;V;0,4;V;0,5;V;0,5;V;0,5;V;0,4;V;0,2;V;0,3;V;0,1;V;0,1;V;0,1;V;0,1;V;0,2;V;0,2;V;0,1;V;0,2;V;0,2;V;0,1;V;0,1;V;0,2;V;0,2;V
28;79;11;35;28079011_35_59;2020;2;0,1;V;0,2;V;0,4;V;0,6;V;0,2;V;0,4;V;0,4;V;0,5;V;0,2;V;0,4;V;0,5;V;0,6;V;0,3;V;0,4;V;0,3;V;0,3;V;0,3;V;0,3;V;0,5;V;0,6;V;0,6;V;0,6;V;0,3;V;0,4;V;0,5;V;0,2;V;0,3;V;0,4;V;0,2;V;0;N;0;N
28;79;16;6;28079016_6_48;2020;1;0,6;V;0,5;V;0,6;V;0,3;V;0,5;V;0,6;V;0,7;V;0,9;V;0,6;V;0,3;V;0,4;V;0,5;V;0,6;V;0,5;V;0,5;V;0,5;V;0,4;V;0,4;V;0,2;V;0,2;V;0,2;V;0,3;V;0,3;V;0,3;V;0,3;V;0,4;V;0,4;V;0,3;V;0,3;V;0,3;V;0,3;V
28;79;16;6;28079016_6_48;2020;2;0,3;V;0,3;V;0,5;V;0,5;V;0,4;V;0,4;V;0,5;V;0,5;V;0,4;V;0,5;V;0,5;V;0,5;V;0,4;V;0,4;V;0,5;V;0,4;V;0,3;V;0,3;V;0,5;V;0,5;V;0,5;V;0,5;V;0,4;V;0,4;V;0,5;V;0,3;V;0,3;V;0,5;V;0,3;V;0;N;0;N
28;79;16;7;28079016_7_8;2020;1;43;V;56;V;74;V;7;V;29;V;46;V;93;V;115;V;57;V;8;V;27;V;38;V;60;V;44;V;40;V;27;V;13;V;10;V;2;V;2;V;3;V;4;V;9;V;14;V;5;V;13;V;21;V;7;V;8;V;8;V;10;V
28;79;16;7;28079016_7_8;2020;2;6;V;6;V;49;V;60;V;17;V;18;V;20;V;16;V;11;V;5;N;75;N;47;V;28;V;31;V;42;V;22;V;18;V;9;V;39;V;43;V;56;V;30;V;24;V;23;V;53;V;6;V;9;V;40;V;9;V;0;N;0;N
28;79;16;8;28079016_8_8;2020;1;52;V;58;V;64;V;34;V;44;V;53;V;76;V;88;V;72;V;37;V;48;V;60;V;75;V;65;V;74;V;62;V;45;V;46;V;14;V;15;V;16;V;24;V;35;V;43;V;30;V;40;V;44;V;23;V;24;V;27;V;28;V
28;79;16;8;28079016_8_8;2020;2;19;V;32;V;41;V;51;V;30;V;28;V;26;V;25;V;20;V;8;N;65;N;52;V;45;V;43;V;46;V;38;V;39;V;30;V;46;V;61;V;58;V;55;V;43;V;55;V;55;V;21;V;26;V;55;V;22;V;0;N;0;N
28;79;16;12;28079016_12_8;2020;1;118;V;144;V;178;V;44;V;88;V;123;V;219;V;265;V;159;V;50;V;90;V;119;V;167;V;133;V;135;V;104;V;64;V;60;V;17;V;19;V;20;V;31;V;50;V;64;V;38;V;60;V;76;V;34;V;37;V;39;V;44;V
28;79;16;12;28079016_12_8;2020;2;27;V;42;V;115;V;143;V;55;V;55;V;56;V;49;V;36;V;15;N;180;N;125;V;88;V;91;V;110;V;72;V;67;V;44;V;105;V;127;V;143;V;100;V;80;V;90;V;135;V;30;V;40;V;116;V;36;V;0;N;0;N
28;79;16;14;28079016_14_6;2020;1;9;V;6;V;1;V;26;V;21;V;16;V;9;V;7;V;8;V;37;V;32;V;17;V;6;V;10;V;5;V;10;V;32;V;17;V;57;V;59;V;48;V;47;V;32;V;24;V;34;V;22;V;19;V;40;V;37;V;37;V;34;V
28;79;16;14;28079016_14_6;2020;2;35;V;18;V;12;V;9;V;34;V;15;V;14;V;10;V;16;V;8;V;3;V;2;V;8;V;12;V;15;V;21;V;12;V;36;V;35;V;21;V;33;V;29;V;45;V;29;V;29;V;64;V;52;V;27;V;46;V;0;N;0;N
28;79;17;1;28079017_1_38;2020;1;8;V;9;V;4;V;2;V;5;V;6;V;10;V;13;V;8;V;4;V;5;V;6;V;6;V;6;V;4;V;7;V;5;V;4;V;2;V;1;V;4;V;7;V;8;V;10;V;9;V;10;V;9;V;12;V;11;V;8;V;8;V
28;79;17;1;28079017_1_38;2020;2;8;V;8;V;10;V;11;V;10;V;8;V;10;V;8;V;7;V;7;V;8;V;8;V;7;V;8;V;9;V;8;V;7;V;7;V;8;V;10;V;9;V;10;V;9;V;9;V;9;V;7;V;7;V;10;V;9;V;0;N;0;N
28;79;17;7;28079017_7_8;2020;1;176;V;187;V;128;V;52;V;97;V;122;V;175;V;202;V;108;V;46;V;59;V;112;V;122;V;116;V;62;V;48;V;29;V;30;V;20;V;19;V;19;V;20;V;23;V;33;V;22;V;26;V;30;V;21;V;22;V;24;V;25;V
28;79;17;7;28079017_7_8;2020;2;24;V;22;V;67;V;126;V;82;V;69;V;123;V;83;V;53;V;62;V;67;V;42;V;33;V;63;V;122;V;86;V;39;V;31;V;70;V;145;V;116;V;127;V;86;V;97;V;73;V;23;V;24;V;77;V;36;V;0;N;0;N
28;79;17;8;28079017_8_8;2020;1;67;V;71;V;59;V;38;V;53;V;55;V;73;V;82;V;57;V;32;V;45;V;57;V;63;V;60;V;50;V;42;V;30;V;29;V;15;V;12;V;13;V;20;V;26;V;28;V;24;V;24;V;25;V;14;V;19;V;29;V;28;V
28;79;17;8;28079017_8_8;2020;2;22;V;28;V;47;V;57;V;59;V;60;V;63;V;57;V;47;V;51;V;51;V;47;V;36;V;49;V;57;V;45;V;42;V;43;V;56;V;83;V;79;V;83;V;68;V;75;V;53;V;24;V;30;V;56;V;25;V;0;N;0;N
28;79;17;12;28079017_12_8;2020;1;337;V;358;V;256;V;117;V;201;V;242;V;341;V;391;V;223;V;103;V;135;V;229;V;250;V;237;V;146;V;115;V;74;V;74;V;46;V;41;V;42;V;50;V;61;V;79;V;57;V;64;V;72;V;46;V;52;V;66;V;67;V
28;79;17;12;28079017_12_8;2020;2;59;V;62;V;151;V;250;V;184;V;166;V;251;V;184;V;128;V;147;V;154;V;112;V;87;V;145;V;245;V;177;V;102;V;91;V;164;V;305;V;257;V;278;V;200;V;223;V;165;V;58;V;67;V;173;V;81;V;0;N;0;N
28;79;17;14;28079017_14_6;2020;1;5;V;5;V;2;V;17;V;7;V;7;V;3;V;5;V;8;V;36;V;16;V;8;V;6;V;9;V;5;V;10;V;28;V;15;V;48;V;58;V;46;V;42;V;28;V;24;V;25;V;23;V;23;V;41;V;37;V;38;V;35;V
28;79;17;14;28079017_14_6;2020;2;33;V;23;V;9;V;8;V;27;V;12;V;12;V;8;V;16;V;10;V;5;V;4;V;14;V;9;V;13;V;18;V;12;V;24;V;28;V;14;V;18;V;14;V;23;V;17;V;26;V;60;V;48;V;29;V;45;V;0;N;0;N
28;79;18;1;28079018_1_38;2020;1;9;V;8;V;8;V;6;V;7;V;7;V;10;V;10;V;8;V;5;V;6;V;7;V;7;V;6;V;6;V;5;V;4;V;4;V;4;V;4;V;4;V;4;V;4;V;4;V;4;V;4;V;4;V;4;V;3;V;4;V;4;V
28;79;18;1;28079018_1_38;2020;2;4;V;4;V;7;V;9;V;7;V;7;V;8;V;7;V;6;V;7;V;8;V;7;V;5;V;7;V;8;V;7;V;5;V;5;V;6;V;9;V;9;V;9;V;8;V;9;V;9;V;6;V;5;V;8;V;6;V;0;N;0;N
28;79;18;6;28079018_6_48;2020;1;0,9;V;0,9;V;0,9;V;0,6;V;0,8;V;0,8;V;1,1;V;1,1;V;0,8;V;0,5;V;0,6;V;0,7;V;0,8;V;0,7;V;0,7;V;0,6;V;0,4;V;0,5;V;0,4;V;0,4;V;0,4;V;0,4;V;0,4;V;0,5;V;0,4;V;0,5;V;0,5;V;0,3;V;0,3;V;0,3;V;0,3;V
28;79;18;6;28079018_6_48;2020;2;0,3;V;0,4;V;0,6;V;0,6;V;0,5;V;0,6;V;0,7;V;0,6;V;0,5;V;0,6;V;0,6;V;0,5;V;0,4;V;0,6;V;0,7;V;0,5;V;0,4;V;0,4;V;0,5;V;0,7;V;0,7;V;0,6;V;0,6;V;0,6;V;0,5;V;0,3;V;0,3;V;0,5;V;0,3;V;0;N;0;N
28;79;18;7;28079018_7_8;2020;1;80;V;100;V;110;V;31;V;54;V;65;V;129;V;134;V;78;V;22;V;30;V;50;V;71;V;61;V;63;V;31;V;9;V;17;V;3;V;3;V;3;V;7;V;10;V;17;V;6;V;8;V;15;V;3;V;4;V;4;V;5;V
28;79;18;7;28079018_7_8;2020;2;4;V;6;V;54;V;68;V;32;V;36;V;62;V;36;V;16;V;35;V;49;V;33;V;13;V;37;V;42;V;23;V;13;V;11;V;27;V;57;V;53;V;42;V;26;V;37;V;41;V;4;V;3;V;32;V;6;V;0;N;0;N
28;79;18;8;28079018_8_8;2020;1;57;V;64;V;65;V;45;V;57;V;58;V;80;V;85;V;70;V;37;V;56;V;65;V;70;V;62;V;77;V;66;V;37;V;44;V;19;V;18;V;18;V;34;V;41;V;45;V;40;V;31;V;35;V;17;V;20;V;23;V;22;V
28;79;18;8;28079018_8_8;2020;2;17;V;29;V;50;V;55;V;49;V;55;V;55;V;47;V;37;V;51;V;51;V;51;V;37;V;49;V;42;V;35;V;35;V;44;V;51;V;71;V;68;V;67;V;56;V;63;V;47;V;16;V;19;V;48;V;18;V;0;N;0;N
28;79;18;10;28079018_10_47;2020;1;49;V;42;V;57;V;17;V;25;V;28;V;44;V;43;V;36;V;15;V;17;V;30;V;39;V;37;V;43;V;41;V;15;V;15;V;6;V;8;V;4;V;21;V;65;V;48;N;13;V;8;V;10;V;4;V;4;V;6;V;5;V
28;79;18;10;28079018_10_47;2020;2;4;V;8;V;30;V;30;V;9;V;15;V;21;V;22;V;15;V;16;V;21;V;20;V;14;V;18;V;16;V;13;V;7;V;9;V;11;V;20;V;17;V;16;V;13;V;16;V;17;V;6;V;51;V;47;V;27;V;0;N;0;N
28;79;18;12;28079018_12_8;2020;1;180;V;217;V;234;V;92;V;140;V;159;V;278;V;290;V;190;V;70;V;102;V;141;V;178;V;155;V;174;V;113;V;51;V;69;V;24;V;22;V;23;V;44;V;56;V;71;V;49;V;44;V;58;V;21;V;25;V;30;V;31;V
28;79;18;12;28079018_12_8;2020;2;23;V;39;V;132;V;159;V;98;V;110;V;151;V;102;V;62;V;105;V;126;V;102;V;56;V;105;V;106;V;69;V;55;V;60;V;93;V;158;V;149;V;131;V;96;V;120;V;110;V;22;V;24;V;96;V;28;V;0;N;0;N
28;79;18;14;28079018_14_6;2020;1;6;V;5;V;3;V;18;V;8;V;8;V;4;V;5;V;8;V;44;V;20;V;9;V;5;V;12;V;4;V;10;V;40;V;17;V;53;V;61;V;50;V;45;V;33;V;26;V;27;V;28;V;27;V;48;V;44;V;44;V;41;V
28;79;18;14;28079018_14_6;2020;2;38;V;21;V;11;V;7;V;29;V;11;V;12;V;14;V;24;V;13;V;4;V;3;V;14;V;10;V;15;V;20;V;15;V;26;V;28;V;12;V;21;V;16;V;27;V;22;V;30;V;69;V;60;V;34;V;52;V;0;N;0;N
28;79;18;20;28079018_20_59;2020;1;4,4;V;6,4;V;5,8;V;2,3;V;3,2;V;3,6;V;11;V;10,7;V;6,3;V;2,3;V;3;V;3,1;V;4;V;3,9;V;3,9;V;3,7;V;1,4;V;1,8;V;0,7;V;0,4;V;0,5;V;1;V;1,2;V;1,6;V;1,1;V;0,9;V;1,6;V;0,6;V;0,7;V;0,9;V;0,9;V
28;79;18;20;28079018_20_59;2020;2;0,5;V;0,7;V;3,3;V;5,1;V;9;V;4,7;V;6,7;V;3,9;V;2;V;4;V;4,2;V;3,3;V;2,1;V;3,8;V;3,6;V;2;V;1,6;V;1,7;V;3,1;V;5,6;V;11,5;V;6,4;V;3,3;V;3,9;V;5;V;0,8;V;0,9;V;3,2;V;1;V;0;N;0;N
28;79;18;30;28079018_30_59;2020;1;1,7;V;1,6;V;1,7;V;0,8;V;1,3;V;1,3;V;2,2;V;1,9;V;1,3;V;0,6;V;0,8;V;1,1;V;1,3;V;1,1;V;1;V;0,7;V;0,4;V;0,5;V;0,3;V;0,3;V;0,4;V;0,3;V;0,4;V;0,4;V;0,4;V;0,4;V;0,4;V;0,2;V;0,2;V;0,2;V;0,2;V
28;79;18;30;28079018_30_59;2020;2;0,2;V;0,2;V;0,5;V;0,7;V;0,8;V;0,8;V;1,1;V;0,9;V;0,6;V;0,8;V;0,8;V;0,6;V;0,4;V;0,7;V;0,8;V;0,5;V;0,4;V;0,4;V;0,5;V;0,9;V;0,9;V;0,9;V;0,7;V;0,6;V;0,6;V;0,3;V;0,2;V;0,5;V;0,2;V;0;N;0;N
28;79;18;35;28079018_35_59;2020;1;0,7;V;1;V;0,9;V;0,3;V;0,5;V;0,5;V;1,4;V;1,4;V;0,8;V;0,3;V;0,4;V;0,5;V;0,6;V;0,6;V;0,7;V;0,6;V;0,2;V;0,3;V;0,1;V;0,1;V;0,1;V;0,2;V;0,2;V;0,3;V;0,2;V;0,2;V;0,2;V;0,1;V;0,1;V;0,1;V;0,1;V
28;79;18;35;28079018_35_59;2020;2;0,2;V;0,2;V;0,6;V;0,9;V;0,6;V;0,7;V;1;V;0,7;V;0,3;V;0,6;V;0,6;V;0,5;V;0,3;V;0,6;V;0,6;V;0,3;V;0,2;V;0,2;V;0,5;V;0,8;V;0,9;V;0,7;V;0,5;V;0,6;V;0,7;V;0,1;V;0,1;V;0,5;V;0,2;V;0;N;0;N
28;79;24;1;28079024_1_38;2020;1;6;V;7;V;7;V;5;V;6;V;6;V;7;V;7;V;7;V;5;V;5;V;6;V;6;V;6;V;6;V;5;V;5;V;5;V;5;V;5;V;5;V;5;V;5;V;5;V;5;V;5;V;5;V;5;N;5;V;5;V;5;V
28;79;24;1;28079024_1_38;2020;2;5;V;5;V;5;V;6;V;5;V;5;V;5;V;5;V;5;V;5;V;5;V;5;V;5;V;5;V;5;V;5;V;5;V;5;V;5;V;6;V;5;V;6;V;5;V;5;V;5;V;5;V;5;V;5;V;5;V;0;N;0;N
28;79;24;6;28079024_6_48;2020;1;0,5;V;0,5;V;0,6;N;0,3;V;0,4;V;0,4;V;0,5;V;0,6;V;0,4;V;0,2;V;0,3;V;0,4;V;0,4;V;0,4;V;0,4;V;0,3;V;0,2;V;0,3;V;0,2;V;0,2;V;0,2;V;0,2;V;0,2;V;0,2;V;0,2;V;0,2;V;0,2;V;0,2;N;0,1;V;0,2;V;0,2;V
28;79;24;6;28079024_6_48;2020;2;0,2;V;0,2;V;0,3;V;0,2;V;0,1;V;0,2;V;0,2;V;0,2;V;0,1;V;0,2;V;0,3;V;0,2;V;0,1;V;0,2;V;0,2;V;0,2;V;0,1;N;0,1;V;0,2;N;0,2;V;0,1;V;0,2;V;0,1;V;0,2;V;0,1;V;0,1;V;0,1;V;0,2;V;0,2;V;0;N;0;N
28;79;24;7;28079024_7_8;2020;1;52;V;57;V;91;V;13;V;26;V;33;V;62;V;80;V;53;V;5;V;6;V;27;V;35;V;32;V;32;V;12;V;1;V;6;V;1;V;1;V;1;V;2;V;5;V;4;V;2;V;3;V;6;V;4;N;1;V;1;V;1;V
28;79;24;7;28079024_7_8;2020;2;1;V;2;V;20;V;46;V;9;V;14;V;21;V;20;V;4;V;18;V;32;V;26;V;2;V;15;V;18;V;12;V;2;V;3;V;13;V;27;V;14;V;14;V;5;V;16;V;20;V;1;V;1;V;12;V;3;V;0;N;0;N
28;79;24;8;28079024_8_8;2020;1;46;V;49;V;52;V;29;V;47;V;45;V;60;V;67;V;57;V;18;V;36;V;53;V;52;V;46;V;61;V;46;V;18;V;29;V;8;V;11;V;12;V;20;V;31;V;33;V;26;V;15;V;17;V;4;N;6;V;7;V;8;V
28;79;24;8;28079024_8_8;2020;2;5;V;17;V;34;V;44;V;32;V;41;V;38;V;26;V;20;V;36;V;40;V;43;V;21;V;38;V;28;V;21;V;17;V;25;V;37;V;56;V;43;V;49;V;36;V;45;V;31;V;6;V;6;V;33;V;13;V;0;N;0;N
28;79;24;9;28079024_9_47;2020;1;34;V;28;V;38;V;10;V;13;V;18;V;23;V;21;V;23;V;7;V;6;V;21;V;23;V;23;V;26;V;22;V;6;V;9;V;2;V;2;V;2;V;7;V;19;V;14;V;10;V;6;V;7;V;2;N;4;V;5;V;4;V
28;79;24;9;28079024_9_47;2020;2;3;V;7;V;20;V;18;V;4;V;11;V;17;V;18;V;13;V;14;V;20;V;25;V;16;V;16;V;15;V;14;V;7;V;6;V;8;V;15;V;9;V;13;V;9;V;12;V;11;V;4;V;20;V;23;V;13;V;0;N;0;N
28;79;24;10;28079024_10_47;2020;1;41;V;36;V;50;V;13;V;17;V;22;V;31;V;31;V;31;V;10;V;9;V;26;V;28;V;30;V;37;V;35;V;11;V;12;V;4;V;6;V;4;V;18;V;58;V;37;V;18;V;9;V;11;V;3;N;6;V;8;V;5;V
28;79;24;10;28079024_10_47;2020;2;4;V;9;V;38;V;37;V;9;V;16;V;25;V;27;V;18;V;19;V;27;V;31;V;18;V;22;V;19;V;17;V;9;V;9;V;12;V;23;V;16;V;20;V;15;V;20;V;18;V;7;V;80;V;68;V;39;V;0;N;0;N
28;79;24;12;28079024_12_8;2020;1;126;V;137;V;191;V;49;V;86;V;96;V;154;V;190;V;138;V;26;V;46;V;94;V;106;V;94;V;110;V;65;V;20;V;39;V;9;V;12;V;14;V;22;V;39;V;39;V;29;V;19;V;26;V;9;N;7;V;9;V;10;V
28;79;24;12;28079024_12_8;2020;2;7;V;20;V;64;V;115;V;46;V;62;V;71;V;55;V;26;V;64;V;89;V;83;V;25;V;62;V;55;V;40;V;21;V;31;V;57;V;97;V;65;V;71;V;44;V;70;V;62;V;7;V;8;V;52;V;17;V;0;N;0;N
28;79;24;14;28079024_14_6;2020;1;5;V;5;V;2;V;21;V;9;V;8;V;4;V;5;V;8;V;51;V;25;V;9;V;9;V;13;V;3;V;13;V;45;V;19;V;54;V;60;V;50;V;49;V;35;V;28;V;29;V;30;V;30;V;51;N;47;V;48;V;45;V
28;79;24;14;28079024_14_6;2020;2;40;V;21;V;11;V;9;V;33;V;12;V;15;V;20;V;27;V;15;V;4;V;3;V;18;V;9;V;17;V;24;V;22;V;34;V;27;V;12;V;27;V;20;V;33;V;25;V;34;V;69;V;60;V;35;V;47;V;0;N;0;N
28;79;24;20;28079024_20_59;2020;1;4,4;V;5,2;V;7,5;V;1,9;V;2,2;V;2,7;V;5,4;V;6,8;V;6,5;V;0,9;V;1,4;V;2,8;V;3,5;V;3,2;V;4,5;V;3,5;V;0,7;V;1,7;V;0,2;V;0,3;V;0,5;V;0,8;V;1,7;V;1,5;V;1,4;V;0,7;V;1;V;0,2;N;0,3;V;0,3;V;0,3;V
28;79;24;20;28079024_20_59;2020;2;0,2;V;0,6;V;3;V;5,3;V;2;V;2,6;V;3,6;V;2,5;V;1;V;3;V;5,8;V;5,8;V;1,9;V;3,7;V;2,7;V;1,7;V;0,7;V;1,2;V;2,5;V;4,1;V;2,8;V;3,4;V;1,6;V;2,8;V;3,4;V;0,3;V;0,2;V;2,1;V;0,8;V;0;N;0;N
28;79;24;30;28079024_30_59;2020;1;1,7;V;1,4;V;1,8;V;0,7;V;0,9;V;1,2;V;1,3;V;1,5;V;1,4;V;0,4;V;0,6;V;1,1;V;1,3;V;1,1;V;1,1;V;0,8;V;0,4;V;0,6;V;0,3;V;0,4;V;0,5;V;0,4;V;0,5;V;0,5;V;0,5;V;0,5;V;0,5;V;0,2;N;0,2;V;0,2;V;0,3;V
28;79;24;30;28079024_30_59;2020;2;0,2;V;0,3;V;0,6;V;0,9;V;0,5;V;0,7;V;0,9;V;0,8;V;0,6;V;0,7;V;1;V;0,9;V;0,5;V;0,7;V;0,7;V;0,6;V;0,3;V;0,4;V;0,8;V;0,9;V;0,6;V;0,8;V;0,6;V;0,7;V;0,6;V;0,3;V;0,2;V;0,4;V;0,3;V;0;N;0;N
28;79;24;35;28079024_35_59;2020;1;0,3;V;0,4;V;0,7;V;0,2;V;0,2;V;0,2;V;0,6;V;0,7;V;0,6;V;0,1;V;0,1;V;0,2;V;0,3;V;0,2;V;0,4;V;0,3;V;0,1;V;0,2;V;0,1;V;0,1;V;0,1;V;0,1;V;0,1;V;0,2;V;0,1;V;0,1;V;0,1;V;0,1;N;0,1;V;0,1;V;0,1;V
28;79;24;35;28079024_35_59;2020;2;0,1;V;0,1;V;0,3;V;0,8;V;0,2;V;0,1;V;0,3;V;0,2;V;0,1;V;0,3;V;0,6;V;0,6;V;0,2;V;0,3;V;0,2;V;0,1;V;0,1;V;0,1;V;0,5;V;0,4;V;0,2;V;0,3;V;0,1;V;0,3;V;0,5;V;0,1;V;0,1;V;0,2;V;0,1;V;0;N;0;N
28;79;24;42;28079024_42_2;2020;1;1,46;V;1,44;V;1,54;V;1,21;V;1,27;V;1,32;V;1,31;V;1,41;V;1,32;V;1,14;V;1,16;V;1,28;V;1,31;V;1,28;V;1,43;V;1,25;V;1,11;V;1,26;V;1,11;V;1,12;V;1,12;V;1,12;V;1,14;V;1,19;V;1,22;V;1,13;V;1,14;V;0,98;N;1,13;V;1,14;V;1,14;V
28;79;24;42;28079024_42_2;2020;2;1,12;V;1,2;V;1,22;V;1,42;V;1,19;V;1,25;V;1,27;V;1,29;V;1,22;V;1,25;V;1,41;V;1,4;V;1,19;V;1,25;V;1,25;V;1,24;V;1,17;V;1,16;N;1,21;N;1,26;V;1,25;V;1,25;V;1,25;V;1,24;V;1,56;N;1,14;V;1,14;V;1,23;V;1,14;N;0;N;0;N
28;79;24;43;28079024_43_2;2020;1;1,35;V;1,34;V;1,41;V;1,15;V;1,18;V;1,23;V;1,2;V;1,29;V;1,22;V;1,09;V;1,09;V;1,17;V;1,21;V;1,19;V;1,35;V;1,19;V;1,07;V;1,21;V;1,06;V;1,05;V;1,07;V;1,06;V;1,08;V;1,13;V;1,18;V;1,08;V;1,09;V;0,94;N;1,12;V;1,12;V;1,13;V
28;79;24;43;28079024_43_2;2020;2;1,12;V;1,18;V;1,17;V;1,34;V;1,13;V;1,19;V;1,2;V;1,24;V;1,18;V;1,21;V;1,34;V;1,34;V;1,16;V;1,2;V;1,2;V;1,19;V;1,14;V;1,12;N;1,15;N;1,19;V;1,19;V;1,19;V;1,21;V;1,19;V;1,5;N;1,13;V;1,13;V;1,2;V;1,15;N;0;N;0;N
28;79;24;44;28079024_44_2;2020;1;0,11;V;0,1;V;0,13;V;0,06;V;0,09;V;0,09;V;0,11;V;0,12;V;0,1;V;0,06;V;0,07;V;0,1;V;0,1;V;0,09;V;0,09;V;0,07;V;0,04;V;0,05;V;0,06;V;0,07;V;0,06;V;0,05;V;0,06;V;0,05;V;0,05;V;0,05;V;0,05;V;0,04;N;0,01;V;0,02;V;0,01;V
28;79;24;44;28079024_44_2;2020;2;0,01;V;0,02;V;0,05;V;0,08;V;0,06;V;0,06;V;0,07;V;0,05;V;0,03;V;0,05;V;0,07;V;0,06;V;0,03;V;0,05;V;0,05;V;0,05;V;0,03;V;0,04;N;0,06;N;0,07;V;0,06;V;0,07;V;0,04;V;0,05;V;0,06;N;0,01;V;0,01;V;0,03;V;0;N;0;N;0;N
28;79;27;7;28079027_7_8;2020;1;55;V;80;V;64;V;32;V;34;V;55;V;104;V;133;V;65;V;31;V;30;V;41;V;65;V;40;V;36;V;51;V;15;V;21;V;3;V;3;V;3;V;7;V;14;V;8;V;3;V;11;V;23;V;3;V;5;V;4;V;7;V
28;79;27;7;28079027_7_8;2020;2;6;V;6;V;48;V;49;V;32;V;33;V;47;V;35;V;31;V;44;V;43;V;43;V;31;V;34;V;47;V;25;V;38;V;11;V;36;V;34;V;36;V;29;V;23;V;42;V;31;V;4;V;17;V;39;V;11;V;0;N;0;N
28;79;27;8;28079027_8_8;2020;1;63;V;72;V;63;V;47;V;55;V;66;V;84;V;97;V;74;V;56;V;60;V;70;V;78;V;67;V;63;V;65;V;53;V;46;V;22;V;17;V;18;V;29;V;41;V;44;V;31;V;45;V;49;V;20;V;26;V;29;V;34;V
28;79;27;8;28079027_8_8;2020;2;23;V;42;V;42;V;50;V;49;V;55;V;58;V;57;V;50;V;60;V;53;V;53;V;50;V;45;V;48;V;42;V;50;V;40;V;52;V;67;V;63;V;65;V;60;V;71;V;46;V;21;V;31;V;65;V;23;V;0;N;0;N
28;79;27;12;28079027_12_8;2020;1;147;V;194;V;160;V;97;V;107;V;150;V;244;V;302;V;173;V;104;V;105;V;133;V;178;V;129;V;118;V;143;V;76;V;78;V;28;V;22;V;22;V;40;V;63;V;56;V;35;V;63;V;84;V;25;V;34;V;36;V;46;V
28;79;27;12;28079027_12_8;2020;2;32;V;52;V;116;V;125;V;98;V;106;V;130;V;111;V;97;V;127;V;119;V;118;V;97;V;98;V;120;V;80;V;108;V;56;V;107;V;119;V;118;V;109;V;95;V;135;V;94;V;27;V;56;V;125;V;40;V;0;N;0;N
28;79;27;14;28079027_14_6;2020;1;7;V;7;V;3;V;20;V;16;V;11;V;8;V;8;V;8;V;24;V;20;V;12;V;4;V;7;V;7;V;6;V;27;V;15;V;50;V;58;V;48;V;45;V;29;V;22;V;30;V;19;V;15;V;43;V;36;V;37;V;29;V
28;79;27;14;28079027_14_6;2020;2;31;V;10;V;12;V;14;V;31;V;14;V;12;V;8;V;8;V;6;V;3;V;2;V;8;V;16;V;15;V;20;V;8;V;32;V;32;V;20;V;28;V;26;V;35;V;24;V;33;V;64;V;50;V;24;V;48;V;0;N;0;N
28;79;35;1;28079035_1_38;2020;1;13;V;13;V;6;V;5;V;7;V;8;V;9;V;10;V;9;V;8;V;6;V;9;V;5;V;6;V;4;V;6;V;5;V;2;V;1;V;2;V;3;V;4;V;6;V;3;V;2;V;4;V;3;V;2;V;4;V;3;V;7;V
28;79;35;1;28079035_1_38;2020;2;9;V;4;V;4;V;7;V;7;V;3;V;3;V;1;V;1;V;9;V;20;V;23;V;19;V;13;V;7;V;8;V;5;V;2;V;9;V;12;V;5;V;8;V;7;V;9;V;9;V;10;V;10;V;11;V;9;V;0;N;0;N
28;79;35;6;28079035_6_48;2020;1;0,9;V;0,8;V;0,9;V;0,5;V;0,6;V;0,7;V;0,8;V;1;V;0,7;V;0,4;V;0,5;V;0,8;V;0,7;V;0,8;V;0,6;V;0,5;V;0,4;V;0,5;V;0,4;V;0,4;V;0,4;V;0,5;V;0,5;V;0,6;V;0,6;V;0,7;V;0,7;V;0,6;V;0,7;V;0,7;V;0,7;V
28;79;35;6;28079035_6_48;2020;2;0,8;N;0,9;N;0,9;N;1;V;0,8;V;0,9;V;0,9;V;1;V;1;V;1,1;V;1,4;V;1,4;V;1,1;V;0,6;V;1,6;V;1,7;V;1;V;0,5;V;0,7;V;1;V;0,8;V;1,1;V;0,9;V;1,1;V;0,7;V;0,2;V;0,3;V;0,5;V;0,4;V;0;N;0;N
28;79;35;7;28079035_7_8;2020;1;80;V;91;V;124;V;25;V;40;V;60;V;117;V;155;V;102;V;20;V;20;V;51;V;73;V;75;V;48;V;28;V;7;V;16;V;6;V;7;V;8;V;10;V;17;V;12;V;7;V;8;V;15;V;4;V;3;V;4;V;5;V
28;79;35;7;28079035_7_8;2020;2;2;V;7;V;47;V;82;V;23;V;28;V;26;V;22;V;10;V;26;V;57;V;39;V;13;V;28;V;39;V;30;V;12;V;15;V;29;V;75;V;41;V;51;V;25;V;39;V;42;V;7;V;6;V;33;V;10;V;0;N;0;N
28;79;35;8;28079035_8_8;2020;1;59;V;64;V;70;V;42;V;54;V;56;V;76;V;87;V;73;V;47;V;53;V;65;V;69;V;66;V;77;V;64;V;40;V;48;V;29;V;29;V;28;V;42;V;47;V;46;V;38;V;32;V;38;V;21;V;23;V;25;V;26;V
28;79;35;8;28079035_8_8;2020;2;19;V;34;V;49;V;62;V;53;V;62;V;56;V;45;V;35;V;49;V;59;V;54;V;39;V;52;V;46;V;39;V;37;V;48;V;58;V;77;V;69;V;75;V;58;V;69;V;59;V;28;V;28;V;58;V;24;V;0;N;0;N
28;79;35;12;28079035_12_8;2020;1;182;V;204;V;260;V;80;V;115;V;147;V;255;V;326;V;229;V;77;V;84;V;143;V;180;V;181;V;152;V;108;V;50;V;73;V;39;V;39;V;40;V;57;V;73;V;64;V;48;V;45;V;61;V;27;V;27;V;31;V;34;V
28;79;35;12;28079035_12_8;2020;2;22;V;44;V;121;V;187;V;88;V;104;V;96;V;79;V;51;V;88;V;146;V;114;V;59;V;95;V;106;V;85;V;56;V;70;V;102;V;192;V;131;V;153;V;97;V;129;V;123;V;40;V;37;V;109;V;39;V;0;N;0;N
28;79;35;14;28079035_14_6;2020;1;8;V;8;V;7;V;23;V;15;V;11;V;9;V;9;V;14;V;38;V;29;V;14;V;15;V;18;V;8;V;14;V;42;V;19;V;58;V;67;V;58;V;52;V;41;V;37;V;44;V;43;V;40;V;64;V;61;V;56;V;44;V
28;79;35;14;28079035_14_6;2020;2;41;V;16;V;7;V;6;V;27;V;15;V;21;V;24;V;37;V;24;V;6;V;6;V;23;V;13;V;25;V;34;V;26;V;44;V;42;V;13;V;35;V;22;V;45;V;26;V;33;V;91;V;82;V;46;V;75;V;0;N;0;N
28;79;36;1;28079036_1_38;2020;1;9;V;9;V;11;V;12;V;10;V;10;V;10;V;13;V;12;V;10;V;11;V;11;V;11;V;9;V;14;V;12;V;9;V;9;V;8;V;10;V;9;V;16;V;25;V;17;V;11;V;10;V;9;V;9;V;9;V;9;V;8;V
28;79;36;1;28079036_1_38;2020;2;8;V;9;V;11;V;14;V;19;V;17;V;8;V;4;V;5;V;4;V;7;V;8;V;4;V;6;V;5;V;4;V;4;V;5;V;7;V;8;V;7;V;6;V;7;V;5;V;7;V;4;V;4;V;9;V;5;V;0;N;0;N
28;79;36;6;28079036_6_48;2020;1;0,6;V;0,5;V;0,7;V;0,3;V;0,4;V;0,5;V;0,6;V;0,6;V;0,5;V;0,3;V;0,4;V;0,5;V;0,6;V;0,5;V;0,5;V;0,4;V;0,3;V;0,3;V;0,2;V;0,2;V;0,2;V;0,3;V;0,3;V;0,4;V;0,3;V;0,3;V;0,3;V;0,2;V;0,2;V;0,2;V;0,2;V
28;79;36;6;28079036_6_48;2020;2;0,2;V;0,3;V;0,4;V;0,5;V;0,4;V;0,4;V;0,4;V;0,4;V;0,4;V;0,4;V;0,4;V;0,4;V;0,3;V;0,4;V;0,4;V;0,4;V;0,3;V;0,3;V;0,4;V;0,5;V;0,4;V;0,4;V;0,3;V;0,4;V;0,5;V;0,2;V;0,2;V;0,4;V;0,2;V;0;N;0;N
28;79;36;7;28079036_7_8;2020;1;62;V;83;V;107;V;8;V;31;V;55;V;104;V;99;V;52;V;9;V;32;V;50;V;77;V;59;V;44;V;31;V;16;V;14;V;2;V;2;V;2;V;4;V;10;V;22;V;6;V;10;V;17;V;5;V;6;V;7;V;10;V
28;79;36;7;28079036_7_8;2020;2;4;V;7;V;50;V;91;V;40;V;38;V;54;V;30;V;18;V;33;V;54;V;44;V;25;V;37;V;44;V;30;V;18;V;12;V;33;V;58;V;29;V;22;V;16;V;31;V;60;V;6;V;9;V;41;V;5;V;0;N;0;N
28;79;36;8;28079036_8_8;2020;1;63;V;70;V;72;V;33;V;47;V;61;V;83;V;90;V;73;V;36;V;51;V;72;V;80;V;71;V;78;V;62;V;48;V;48;V;16;V;15;V;16;V;29;V;42;V;48;V;37;V;42;V;43;V;29;V;28;V;31;V;32;V
28;79;36;8;28079036_8_8;2020;2;22;V;33;V;48;V;60;V;57;V;59;V;63;V;58;V;48;V;55;V;58;V;55;V;45;V;50;V;52;V;42;V;42;V;39;V;51;V;77;V;57;V;61;V;47;V;64;V;64;V;26;V;30;V;60;V;23;V;0;N;0;N
28;79;36;10;28079036_10_47;2020;1;39;V;32;V;55;V;11;V;13;V;22;V;33;V;37;V;34;V;14;V;14;V;29;V;38;V;37;V;40;V;43;V;17;V;14;V;6;V;6;V;3;V;22;V;67;V;45;V;20;V;15;V;17;V;6;V;9;V;12;V;9;V
28;79;36;10;28079036_10_47;2020;2;7;V;15;V;43;V;56;V;16;V;27;V;35;V;42;V;29;V;26;V;39;V;38;V;25;V;28;V;26;V;26;V;18;V;13;V;16;V;32;V;21;V;23;V;16;V;25;V;31;V;9;V;95;V;89;V;49;V;0;N;0;N
28;79;36;12;28079036_12_8;2020;1;158;V;197;V;235;V;45;V;94;V;145;V;242;V;242;V;152;V;49;V;99;V;148;V;198;V;161;V;147;V;110;V;73;V;69;V;20;V;18;V;20;V;35;V;58;V;81;V;46;V;58;V;68;V;37;V;38;V;42;V;48;V
28;79;36;12;28079036_12_8;2020;2;28;V;45;V;124;V;200;V;117;V;117;V;145;V;103;V;76;V;105;V;141;V;122;V;83;V;108;V;120;V;88;V;70;V;58;V;101;V;166;V;102;V;95;V;72;V;112;V;157;V;36;V;44;V;123;V;30;V;0;N;0;N
28;79;38;1;28079038_1_38;2020;1;20;V;20;V;17;V;6;V;10;V;10;V;15;V;17;V;11;V;6;V;6;V;10;V;10;V;8;V;9;V;8;V;5;V;5;V;3;V;4;V;5;V;5;V;5;V;3;V;4;V;4;V;4;V;3;V;3;V;4;V;4;V
28;79;38;1;28079038_1_38;2020;2;2;V;2;V;5;V;5;V;5;V;5;V;4;V;4;V;3;V;3;V;4;V;3;V;2;V;3;V;3;V;3;V;2;V;3;V;4;V;7;V;5;V;6;V;4;V;5;V;4;V;2;V;3;V;4;V;2;V;0;N;0;N
28;79;38;7;28079038_7_8;2020;1;85;V;81;V;133;V;14;V;56;V;65;V;140;V;203;V;104;V;19;V;23;V;64;V;89;V;58;V;60;V;31;V;12;V;18;V;8;V;13;V;15;V;19;V;18;V;12;V;8;V;15;V;20;V;6;V;8;V;8;V;10;V
28;79;38;7;28079038_7_8;2020;2;6;V;13;V;47;V;83;V;25;V;26;V;24;V;28;V;12;V;34;V;62;V;45;V;15;V;37;V;29;V;29;V;20;V;20;V;33;V;71;V;50;V;52;V;25;V;41;V;33;V;8;V;9;V;34;V;8;V;0;N;0;N
28;79;38;8;28079038_8_8;2020;1;76;V;74;V;76;V;38;V;60;V;70;V;97;V;118;V;89;V;41;V;54;V;75;V;81;V;72;V;82;V;64;V;36;V;52;V;28;V;31;V;31;V;43;V;44;V;43;V;36;V;35;V;37;V;19;V;22;V;23;V;23;V
28;79;38;8;28079038_8_8;2020;2;15;V;34;V;46;V;65;V;51;V;57;V;53;V;49;V;38;V;48;V;59;V;54;V;35;V;52;V;45;V;39;V;33;V;43;V;55;V;87;V;69;V;78;V;57;V;68;V;47;V;21;V;24;V;53;V;20;V;0;N;0;N
28;79;38;9;28079038_9_47;2020;1;37;V;27;V;47;V;7;V;12;V;19;V;26;V;28;V;25;V;6;V;6;V;21;V;27;V;26;V;25;V;23;V;8;V;10;V;3;V;3;V;3;V;10;V;25;V;16;V;10;V;9;V;9;V;3;V;4;V;6;V;5;V
28;79;38;9;28079038_9_47;2020;2;4;V;13;V;21;V;25;V;6;V;15;V;18;V;22;V;16;V;17;V;30;V;28;V;18;V;21;V;20;V;17;V;10;V;8;V;9;V;19;V;10;V;16;V;10;V;12;V;7;V;4;V;19;V;24;V;14;V;0;N;0;N
28;79;38;10;28079038_10_47;2020;1;40;V;32;V;52;V;4;V;14;V;20;V;35;V;49;V;34;V;6;V;7;V;25;V;34;V;30;V;33;V;32;V;5;V;4;V;2;V;5;V;2;V;13;V;25;V;17;V;6;V;1;V;4;V;4;V;8;V;11;V;8;V
28;79;38;10;28079038_10_47;2020;2;6;V;17;V;45;V;53;V;12;V;26;V;31;V;34;V;23;V;24;V;41;V;37;V;24;V;29;V;26;V;23;V;14;V;14;V;18;V;36;V;22;V;30;V;19;V;26;V;16;V;8;V;91;V;74;V;46;V;0;N;0;N
28;79;38;12;28079038_12_8;2020;1;206;V;198;V;280;V;60;V;146;V;170;V;312;V;428;V;248;V;70;V;89;V;173;V;217;V;161;V;173;V;112;V;55;V;80;V;40;V;50;V;53;V;71;V;72;V;61;V;49;V;58;V;67;V;29;V;34;V;36;V;38;V
28;79;38;12;28079038_12_8;2020;2;24;V;54;V;118;V;192;V;89;V;97;V;89;V;92;V;56;V;100;V;154;V;122;V;58;V;108;V;89;V;84;V;64;V;74;V;106;V;196;V;146;V;158;V;96;V;131;V;97;V;34;V;38;V;105;V;32;V;0;N;0;N
28;79;38;20;28079038_20_59;2020;1;2,8;V;4,3;V;3,9;V;1,1;V;1,7;V;2,7;V;6;V;10,7;V;7;V;1,4;V;1,2;V;2,6;V;3,5;V;2,4;V;2,7;V;2,2;V;0,7;V;0,9;V;0,5;V;0,6;V;0,5;V;0,9;V;0,8;V;0,8;V;0,5;V;0,5;V;0,7;V;0,3;V;0,3;V;0,3;V;0,4;V
28;79;38;20;28079038_20_59;2020;2;0,2;V;0,4;V;1,3;V;3,9;V;2,2;V;2,1;V;1,8;V;1,6;V;0,8;V;1,7;V;2,8;V;2,1;V;1;V;1,7;V;1,5;V;1,2;V;0,8;V;1,2;V;1,9;V;4,5;V;4;V;4;V;2;V;2,8;V;1,6;V;0,4;V;0,3;V;1,4;V;0,6;V;0;N;0;N
28;79;38;30;28079038_30_59;2020;1;0,9;V;0,9;V;1;V;0,4;V;0,6;V;0,8;V;1,4;V;1,9;V;1,1;V;0,4;V;0,4;V;0,8;V;0,9;V;0,6;V;0,5;V;0,4;V;0,2;V;0,3;V;0,2;V;0,3;V;0,2;V;0,2;V;0,2;V;0,2;V;0,2;V;0,2;V;0,2;V;0,1;V;0,1;V;0,1;V;0,1;V
28;79;38;30;28079038_30_59;2020;2;0,1;V;0,1;V;0,2;V;0,6;V;0,6;V;0,4;V;0,3;V;0,4;V;0,3;V;0,4;V;0,5;V;0,4;V;0,2;V;0,3;V;0,3;V;0,3;V;0,2;V;0,3;V;0,5;V;0,8;V;0,9;V;0,9;V;0,5;V;0,5;V;0,3;V;0,2;V;0,2;V;0,3;V;0,2;V;0;N;0;N
28;79;38;35;28079038_35_59;2020;1;2,2;V;2,3;V;1,8;V;1,4;V;1,6;V;1,7;V;2,3;V;3,1;V;2,4;V;1,1;V;1,2;V;1,5;V;1,4;V;1,3;V;1,4;V;1,3;V;1;V;0,9;V;0,8;V;0,8;V;0,7;V;0,8;V;0,7;V;0,7;V;0,6;V;0,7;V;0,7;V;0,6;V;0,7;V;0,6;V;0,6;V
28;79;38;35;28079038_35_59;2020;2;0,5;V;0,6;V;0,8;V;1,8;V;1,6;V;1,6;V;1,6;V;1,5;V;1,2;V;1,4;V;1,6;V;1,3;V;1,2;V;1,4;V;1,9;V;1,4;V;1,1;V;1,3;V;1,7;V;2,9;V;2,5;V;2,7;V;2,2;V;2,2;V;1,2;V;0,8;V;0,8;V;1,2;V;0,8;V;0;N;0;N
28;79;39;6;28079039_6_48;2020;1;0,9;V;0,9;V;0,8;V;0,4;V;0,8;V;0,8;V;1;V;1,3;V;0,9;V;0,3;V;0,4;V;0;N;0,7;N;0,6;V;0,7;V;0,5;V;0,3;V;0,4;V;0,2;V;0,2;V;0,3;V;0,3;V;0,3;V;0,4;V;0,3;V;0,4;V;0,4;V;0,3;V;0,2;V;0,3;V;0,3;V
28;79;39;6;28079039_6_48;2020;2;0,2;V;0,3;V;0,4;V;0,6;V;0,5;V;0,4;V;0,5;V;0,5;V;0,4;V;0,5;V;0,5;V;0,5;V;0,3;V;0,4;V;0,5;V;0,5;V;0,3;V;0,3;V;0,4;V;0,8;N;0,7;V;0,7;V;0,6;V;0,5;V;0,4;V;0,3;V;0,3;V;0,5;V;0,3;V;0;N;0;N
28;79;39;7;28079039_7_8;2020;1;120;V;115;V;108;V;25;V;96;V;82;V;150;V;207;V;126;V;6;V;14;V;0;N;89;N;54;V;82;V;37;V;9;V;21;V;2;V;2;V;2;V;4;V;9;V;9;V;3;V;13;V;19;V;5;V;6;V;6;V;7;V
28;79;39;7;28079039_7_8;2020;2;4;V;7;V;40;V;72;V;32;V;26;V;48;V;31;V;8;V;36;V;46;V;39;V;13;V;28;V;44;V;35;V;14;V;6;V;26;V;99;N;65;V;64;V;35;V;35;V;39;V;4;V;5;V;44;V;13;V;0;N;0;N
28;79;39;8;28079039_8_8;2020;1;73;V;75;V;63;V;42;V;72;V;68;V;90;V;106;V;85;V;31;V;47;V;0;N;80;N;69;V;83;V;65;V;42;V;54;V;18;V;18;V;19;V;28;V;43;V;48;V;36;V;37;V;37;V;21;V;23;V;25;V;24;V
28;79;39;8;28079039_8_8;2020;2;17;V;31;V;42;V;58;V;51;V;60;V;62;V;52;V;36;V;53;V;55;V;53;V;35;V;47;V;49;V;39;V;33;V;34;V;46;V;92;N;71;V;73;V;59;V;69;V;52;V;18;V;21;V;60;V;21;V;0;N;0;N
28;79;39;12;28079039_12_8;2020;1;258;V;251;V;228;V;81;V;218;V;194;V;319;V;424;V;278;V;39;V;68;V;0;N;216;N;152;V;208;V;122;V;56;V;86;V;20;V;22;V;23;V;34;V;57;V;62;V;42;V;58;V;66;V;29;V;32;V;33;V;35;V
28;79;39;12;28079039_12_8;2020;2;23;V;42;V;103;V;168;V;99;V;99;V;136;V;99;V;48;V;108;V;126;V;113;V;55;V;90;V;117;V;93;V;55;V;43;V;87;V;244;N;171;V;170;V;112;V;123;V;111;V;24;V;28;V;128;V;41;V;0;N;0;N
28;79;39;14;28079039_14_6;2020;1;4;V;3;V;1;V;20;V;11;V;5;V;2;V;2;V;6;V;48;V;27;V;0;N;9;N;10;V;3;V;10;V;35;V;10;V;51;V;56;V;47;V;46;V;30;V;23;V;30;V;23;V;25;V;42;V;39;V;41;V;38;V
28;79;39;14;28079039_14_6;2020;2;36;V;17;V;13;V;10;V;34;V;15;V;14;V;15;V;24;V;13;V;5;V;4;V;15;V;12;V;16;V;20;V;18;V;37;V;35;V;19;N;30;V;22;V;35;V;22;V;34;V;66;V;58;V;29;V;48;V;0;N;0;N
28;79;40;1;28079040_1_38;2020;1;12;V;9;V;9;V;5;V;7;V;8;V;11;V;10;V;10;V;6;V;6;V;7;V;8;V;7;V;7;V;8;V;7;V;6;V;5;V;3;V;4;V;5;V;6;V;7;V;7;V;7;V;7;V;8;V;8;V;7;V;7;V
28;79;40;1;28079040_1_38;2020;2;6;V;5;V;7;V;8;V;6;V;7;V;7;V;6;V;6;V;6;V;8;V;7;V;7;V;7;V;8;V;8;V;7;V;7;V;7;V;9;V;9;V;10;V;8;V;8;V;8;V;7;V;7;V;8;V;7;V;0;N;0;N
28;79;40;7;28079040_7_8;2020;1;61;V;69;V;125;V;4;V;24;V;43;V;101;V;80;V;59;V;7;V;27;V;44;V;75;V;49;V;44;V;29;V;18;V;11;V;2;V;3;V;3;V;5;V;11;V;25;V;6;V;13;V;21;V;7;V;8;V;8;V;11;V
28;79;40;7;28079040_7_8;2020;2;6;V;6;V;43;V;92;V;18;V;27;V;36;V;22;V;17;V;37;V;52;V;38;V;28;V;32;V;41;V;35;V;19;V;11;V;26;V;53;V;25;V;23;V;14;V;24;V;44;V;6;V;8;V;32;V;4;V;0;N;0;N
28;79;40;8;28079040_8_8;2020;1;67;V;69;V;78;V;29;V;45;V;61;V;87;V;88;V;74;V;37;V;49;V;71;V;81;V;74;V;78;V;64;V;48;V;44;V;19;V;17;V;18;V;30;V;39;V;48;V;34;V;41;V;41;V;23;V;26;V;28;V;31;V
28;79;40;8;28079040_8_8;2020;2;20;V;30;V;46;V;61;V;54;V;60;V;60;V;55;V;50;V;56;V;58;V;53;V;43;V;49;V;52;V;45;V;43;V;38;V;49;V;82;V;55;V;66;V;46;V;64;V;60;V;24;V;29;V;56;V;20;V;0;N;0;N
28;79;40;10;28079040_10_47;2020;1;17;V;21;V;39;V;6;V;14;V;21;V;31;V;30;V;33;V;12;V;14;V;24;V;31;V;28;V;35;V;34;V;20;V;12;V;7;V;14;V;7;V;25;V;74;V;46;V;18;V;13;V;18;V;8;V;9;V;12;V;11;V
28;79;40;10;28079040_10_47;2020;2;8;V;11;V;41;V;49;V;15;V;25;V;30;V;28;V;19;V;5;N;10;N;15;V;14;V;19;V;22;V;21;V;16;V;11;V;15;V;28;V;24;V;25;V;16;V;25;V;30;V;6;V;104;V;91;V;47;V;0;N;0;N
28;79;40;12;28079040_12_8;2020;1;160;V;175;V;270;V;35;V;82;V;127;V;241;V;210;V;165;V;47;V;90;V;139;V;196;V;149;V;145;V;109;V;75;V;61;V;22;V;21;V;23;V;38;V;56;V;86;V;43;V;61;V;73;V;33;V;38;V;40;V;47;V
28;79;40;12;28079040_12_8;2020;2;29;V;39;V;112;V;202;V;82;V;101;V;116;V;88;V;76;V;113;V;138;V;112;V;86;V;98;V;114;V;99;V;72;V;55;V;90;V;162;V;93;V;101;V;67;V;100;V;128;V;33;V;41;V;105;V;26;V;0;N;0;N
28;79;47;7;28079047_7_8;2020;1;75;V;97;V;111;V;29;V;34;V;65;V;129;V;150;V;72;V;19;V;29;V;44;V;77;V;57;V;41;V;29;V;10;V;9;V;2;V;4;V;5;V;6;V;11;V;8;V;2;V;6;V;16;V;1;V;2;V;2;V;3;V
28;79;47;7;28079047_7_8;2020;2;2;V;3;V;42;V;72;V;29;V;39;V;48;V;25;V;14;V;32;V;45;V;25;V;10;V;25;V;46;V;23;V;16;V;7;V;31;V;62;V;54;V;44;V;35;V;39;V;42;V;2;V;2;V;40;V;11;V;0;N;0;N
28;79;47;8;28079047_8_8;2020;1;57;V;63;V;66;V;42;V;51;V;56;V;78;V;84;V;65;V;43;V;52;V;61;V;71;V;60;V;73;V;62;V;44;V;43;V;22;V;22;V;23;V;35;V;40;V;41;V;31;V;34;V;38;V;20;V;19;V;24;V;22;V
28;79;47;8;28079047_8_8;2020;2;16;V;29;V;45;V;54;V;52;V;57;V;51;V;49;V;38;V;51;V;53;V;48;V;37;V;47;V;41;V;33;V;41;V;39;V;48;V;67;V;59;V;63;V;55;V;60;V;49;V;18;V;19;V;51;V;22;V;0;N;0;N
28;79;47;9;28079047_9_47;2020;1;28;V;23;V;34;V;12;V;10;V;17;V;22;V;20;V;20;V;8;V;7;V;16;V;21;V;23;V;18;V;20;V;7;V;8;V;3;V;4;V;3;V;6;V;17;V;11;V;7;V;8;V;9;V;3;V;4;V;6;V;4;V
28;79;47;9;28079047_9_47;2020;2;3;V;7;V;18;V;20;V;5;V;12;V;17;V;20;V;14;V;15;V;22;V;21;V;15;V;15;V;16;V;14;V;9;V;7;V;8;V;13;V;10;V;13;V;10;V;11;V;12;V;3;V;19;V;21;V;13;V;0;N;0;N
28;79;47;10;28079047_10_47;2020;1;33;V;30;V;41;V;15;V;12;V;21;V;30;V;33;V;26;V;11;V;10;V;21;V;26;V;29;V;26;V;32;V;11;V;11;V;5;V;8;V;6;V;15;V;44;V;28;V;14;V;10;V;13;V;5;V;6;V;9;V;6;V
28;79;47;10;28079047_10_47;2020;2;4;V;9;V;32;V;36;V;10;V;18;V;23;V;22;V;15;V;19;V;29;V;27;V;18;V;20;V;21;V;18;V;12;V;11;V;13;V;20;V;17;V;19;V;14;V;18;V;19;V;8;V;70;V;55;V;31;V;0;N;0;N
28;79;47;12;28079047_12_8;2020;1;172;V;212;V;236;V;86;V;103;V;157;V;276;V;314;V;176;V;72;V;97;V;129;V;188;V;147;V;136;V;106;V;59;V;57;V;25;V;28;V;30;V;44;V;57;V;53;V;33;V;43;V;62;V;22;V;21;V;27;V;26;V
28;79;47;12;28079047_12_8;2020;2;18;V;33;V;110;V;165;V;96;V;117;V;124;V;87;V;59;V;100;V;123;V;87;V;52;V;85;V;112;V;68;V;65;V;49;V;95;V;162;V;142;V;130;V;109;V;120;V;113;V;21;V;22;V;113;V;38;V;0;N;0;N
28;79;48;7;28079048_7_8;2020;1;50;V;50;V;97;V;2;V;32;V;26;V;83;V;122;V;51;V;5;V;12;V;38;V;60;V;40;V;38;V;28;V;11;V;12;V;2;V;2;V;1;V;3;V;8;V;9;V;4;V;6;V;19;V;8;V;10;V;9;V;11;V
28;79;48;7;28079048_7_8;2020;2;5;V;7;V;43;V;68;V;12;V;22;V;22;V;21;V;7;V;32;V;49;V;43;V;17;V;25;V;21;V;20;V;15;V;7;V;15;V;33;V;42;V;27;V;13;V;23;V;40;V;6;V;8;V;24;V;11;V;0;N;0;N
28;79;48;8;28079048_8_8;2020;1;64;V;62;V;70;V;26;V;46;V;54;V;80;V;94;V;76;V;32;V;42;V;65;V;75;V;67;V;78;V;65;V;44;V;52;V;17;V;14;V;14;V;25;V;39;V;45;V;34;V;35;V;44;V;29;V;30;V;32;V;31;V
28;79;48;8;28079048_8_8;2020;2;22;V;37;V;43;V;59;V;42;V;57;V;55;V;50;V;38;V;51;V;57;V;53;V;41;V;47;V;47;V;43;V;36;V;34;V;47;V;72;V;60;V;62;V;49;V;60;V;56;V;26;V;30;V;55;V;28;V;0;N;0;N
28;79;48;9;28079048_9_47;2020;1;34;V;24;V;44;V;8;V;12;V;16;V;21;V;25;V;23;V;7;V;7;V;22;V;26;V;27;V;25;V;24;V;10;V;11;V;4;V;3;V;3;V;9;V;19;V;16;V;11;V;11;V;11;V;6;V;7;V;9;V;8;V
28;79;48;9;28079048_9_47;2020;2;7;V;15;V;22;V;27;V;6;V;17;V;21;V;28;V;20;V;21;V;33;V;33;V;23;V;24;V;21;V;20;V;12;V;9;V;9;V;16;V;12;V;15;V;10;V;13;V;12;V;5;V;21;V;23;V;16;V;0;N;0;N
28;79;48;10;28079048_10_47;2020;1;40;V;31;V;54;V;9;V;16;V;20;V;31;V;39;V;33;V;12;V;11;V;27;V;35;V;36;V;38;V;41;V;17;V;15;V;6;V;7;V;5;V;21;V;57;V;38;V;18;V;14;V;17;V;9;V;12;V;13;V;12;V
28;79;48;10;28079048_10_47;2020;2;9;V;19;V;43;V;51;V;10;V;25;V;31;V;39;V;26;V;28;V;42;V;41;V;28;V;30;V;27;V;25;V;18;V;14;V;16;V;26;V;22;V;25;V;16;V;22;V;21;V;11;V;85;V;65;V;48;V;0;N;0;N
28;79;48;12;28079048_12_8;2020;1;141;V;139;V;219;V;29;V;94;V;93;V;207;V;282;V;154;V;39;V;60;V;123;V;167;V;128;V;137;V;108;V;62;V;71;V;20;V;16;V;16;V;30;V;51;V;58;V;40;V;43;V;73;V;41;V;46;V;46;V;47;V
28;79;48;12;28079048_12_8;2020;2;29;V;48;V;109;V;163;V;60;V;91;V;89;V;82;V;48;V;99;V;133;V;119;V;68;V;85;V;79;V;73;V;59;V;45;V;70;V;123;V;125;V;103;V;69;V;96;V;118;V;36;V;42;V;91;V;44;V;0;N;0;N
28;79;49;7;28079049_7_8;2020;1;49;V;50;V;122;V;2;V;16;V;26;V;74;V;114;V;60;V;4;V;8;V;35;V;61;V;40;V;24;V;11;V;2;V;7;V;1;V;1;V;2;V;2;V;6;V;3;V;1;V;4;V;10;V;1;V;1;V;1;V;2;V
28;79;49;7;28079049_7_8;2020;2;1;V;2;V;36;V;71;V;12;V;15;V;16;V;16;V;5;V;23;V;43;V;26;V;6;V;15;V;27;V;34;V;7;V;3;V;9;V;38;V;20;V;20;V;6;V;17;V;39;V;1;V;1;V;21;V;12;V;0;N;0;N
28;79;49;8;28079049_8_8;2020;1;49;V;52;V;64;V;31;V;39;V;44;V;66;V;79;V;65;V;32;V;37;V;57;V;64;V;52;V;64;V;52;V;29;V;39;V;15;V;20;V;20;V;30;V;37;V;34;V;25;V;24;V;34;V;17;V;17;V;20;V;20;V
28;79;49;8;28079049_8_8;2020;2;14;V;25;V;41;V;53;V;38;V;50;V;44;V;36;V;29;V;44;V;51;V;48;V;34;V;40;V;36;V;34;V;33;V;32;V;40;V;66;V;47;V;55;V;35;V;50;V;46;V;14;V;16;V;41;V;19;V;0;N;0;N
28;79;49;12;28079049_12_8;2020;1;124;V;129;V;250;V;35;V;64;V;84;V;179;V;253;V;158;V;39;V;49;V;110;V;157;V;113;V;100;V;69;V;33;V;49;V;16;V;22;V;23;V;33;V;45;V;39;V;26;V;30;V;48;V;19;V;19;V;22;V;24;V
28;79;49;12;28079049_12_8;2020;2;15;V;28;V;95;V;162;V;57;V;72;V;69;V;60;V;37;V;79;V;117;V;88;V;44;V;63;V;78;V;87;V;44;V;36;V;53;V;125;V;77;V;86;V;44;V;76;V;106;V;16;V;19;V;74;V;37;V;0;N;0;N
28;79;49;14;28079049_14_6;2020;1;3;V;3;V;1;V;33;V;19;V;8;V;3;V;3;V;7;V;44;V;35;V;8;V;6;V;15;V;4;V;7;V;40;V;18;V;56;V;58;V;47;V;45;V;34;V;30;V;36;V;28;V;24;V;46;V;44;V;44;V;41;V
28;79;49;14;28079049_14_6;2020;2;37;V;22;V;10;V;7;V;37;V;16;V;16;V;18;V;24;V;12;V;2;V;2;V;13;V;10;V;17;V;21;V;14;V;35;V;35;V;14;V;37;V;22;V;45;V;28;V;31;V;71;V;61;V;34;V;51;V;0;N;0;N
28;79;50;7;28079050_7_8;2020;1;58;V;61;V;82;V;5;V;60;V;34;V;89;V;110;V;64;V;15;V;22;V;56;V;60;V;54;V;55;V;46;V;27;V;23;V;5;V;3;V;4;V;5;V;9;V;8;V;8;V;21;V;34;V;19;V;21;V;23;V;26;V
28;79;50;7;28079050_7_8;2020;2;14;V;17;V;45;V;67;V;14;V;33;V;30;V;39;V;16;V;49;V;52;V;54;V;36;V;35;V;29;V;24;V;32;V;14;V;28;V;35;V;38;V;29;V;16;V;31;V;35;V;23;V;23;V;38;V;12;V;0;N;0;N
28;79;50;8;28079050_8_8;2020;1;64;V;64;V;66;V;22;V;52;V;55;V;81;V;91;V;77;V;38;V;44;V;68;V;72;V;69;V;79;V;66;V;44;V;53;V;19;V;13;V;14;V;23;V;35;V;41;V;34;V;36;V;42;V;24;V;27;V;30;V;31;V
28;79;50;8;28079050_8_8;2020;2;20;V;36;V;42;V;58;V;40;V;58;V;53;V;54;V;39;V;53;V;56;V;53;V;42;V;48;V;44;V;40;V;36;V;32;V;48;V;69;V;60;V;62;V;48;V;59;V;52;V;32;V;31;V;56;V;22;V;0;N;0;N
28;79;50;9;28079050_9_47;2020;1;23;V;13;V;26;V;5;V;10;V;17;V;23;V;18;V;12;V;11;V;6;V;9;V;13;V;12;V;13;V;15;V;10;V;10;V;10;V;7;V;5;V;7;V;13;V;8;V;11;V;9;V;8;V;4;V;5;V;6;V;5;V
28;79;50;9;28079050_9_47;2020;2;3;V;12;V;15;V;18;V;4;V;13;V;17;V;20;V;16;V;17;V;23;V;24;V;16;V;16;V;16;V;17;V;10;V;5;V;7;V;13;V;9;V;12;V;8;V;10;V;8;V;5;V;15;V;18;V;11;V;0;N;0;N
28;79;50;10;28079050_10_47;2020;1;30;V;24;V;38;V;7;V;16;V;23;V;34;V;32;V;22;V;15;V;9;V;16;V;18;V;21;V;24;V;27;V;16;V;13;V;15;V;8;V;5;V;14;V;38;V;21;V;15;V;12;V;11;V;8;V;11;V;13;V;10;V
28;79;50;10;28079050_10_47;2020;2;6;V;15;V;36;V;43;V;7;V;22;V;28;V;32;V;22;V;24;V;31;V;31;V;22;V;21;V;21;V;20;V;13;V;8;V;13;V;23;V;17;V;20;V;14;V;20;V;17;V;10;V;82;V;67;V;40;V;0;N;0;N
28;79;50;12;28079050_12_8;2020;1;153;V;158;V;192;V;29;V;145;V;108;V;217;V;260;V;175;V;61;V;77;V;153;V;164;V;152;V;164;V;135;V;85;V;88;V;27;V;18;V;20;V;31;V;49;V;53;V;46;V;68;V;94;V;53;V;59;V;66;V;71;V
28;79;50;12;28079050_12_8;2020;2;41;V;63;V;111;V;160;V;61;V;109;V;98;V;113;V;63;V;128;V;136;V;136;V;97;V;102;V;89;V;77;V;85;V;53;V;92;V;123;V;118;V;106;V;72;V;107;V;106;V;66;V;65;V;114;V;41;V;0;N;0;N
28;79;54;7;28079054_7_8;2020;1;76;V;54;N;99;V;8;V;71;V;57;V;130;V;137;V;74;V;19;V;38;V;53;V;67;V;75;V;67;V;23;V;14;V;10;V;2;V;5;V;6;V;10;V;16;V;17;V;7;V;5;V;8;V;2;V;2;V;3;V;3;V
28;79;54;7;28079054_7_8;2020;2;2;V;3;V;34;V;73;V;43;V;34;V;44;V;42;V;24;V;28;V;46;V;29;V;13;V;46;V;63;V;32;V;13;V;16;V;57;V;73;V;59;V;43;V;30;V;24;V;35;V;3;V;6;V;35;V;1;V;0;N;0;N
28;79;54;8;28079054_8_8;2020;1;68;V;59;N;75;V;39;V;59;V;64;V;90;V;93;V;72;V;53;V;54;V;72;V;77;V;77;V;81;V;59;V;51;V;45;V;28;V;30;V;30;V;42;V;46;V;49;V;42;V;41;V;41;V;25;V;26;V;31;V;30;V
28;79;54;8;28079054_8_8;2020;2;22;V;29;V;44;V;59;V;64;V;66;V;61;V;62;V;52;V;53;V;58;V;53;V;42;V;54;V;56;V;42;V;43;V;45;V;61;V;85;V;67;V;69;V;54;V;66;V;55;V;27;V;36;V;57;V;21;V;0;N;0;N
28;79;54;12;28079054_12_8;2020;1;184;V;141;N;228;V;51;V;168;V;152;V;289;V;303;V;185;V;82;V;112;V;153;V;179;V;192;V;184;V;95;V;72;V;60;V;31;V;38;V;39;V;57;V;69;V;75;V;53;V;48;V;54;V;28;V;29;V;35;V;35;V
28;79;54;12;28079054_12_8;2020;2;25;V;34;V;96;V;171;V;131;V;118;V;128;V;126;V;90;V;96;V;128;V;98;V;62;V;124;V;153;V;91;V;62;V;70;V;148;V;197;V;158;V;135;V;100;V;104;V;109;V;31;V;45;V;110;V;22;V;0;N;0;N
28;79;54;14;28079054_14_6;2020;1;8;V;3;N;2;V;34;V;24;V;13;V;6;V;8;V;12;V;34;V;36;V;13;V;8;V;12;V;5;V;19;V;34;V;24;V;58;V;58;V;48;V;46;V;36;V;32;V;35;V;31;V;32;V;47;V;46;V;43;V;43;V
28;79;54;14;28079054_14_6;2020;2;40;V;30;V;15;V;11;V;28;V;16;V;16;V;11;V;19;V;15;V;4;V;3;V;13;V;12;V;17;V;26;V;15;V;31;V;34;V;17;V;35;V;26;V;42;V;28;V;32;V;68;V;51;V;30;V;56;V;0;N;0;N
28;79;55;7;28079055_7_8;2020;1;65;V;92;V;88;V;19;V;39;V;56;V;111;V;138;V;65;V;38;V;34;V;41;V;77;V;42;V;50;V;48;V;19;V;23;V;2;V;4;V;4;V;6;V;21;V;16;V;7;V;12;V;27;V;5;V;6;V;6;V;8;V
28;79;55;7;28079055_7_8;2020;2;8;V;11;V;53;V;73;V;39;V;39;V;57;V;44;V;28;V;55;V;56;V;48;V;36;V;48;V;55;V;35;V;48;V;14;V;40;V;43;V;36;V;38;V;24;V;55;V;44;V;5;V;27;V;59;V;12;V;0;N;0;N
28;79;55;8;28079055_8_8;2020;1;61;V;68;V;63;V;43;V;57;V;63;V;82;V;93;V;69;V;51;V;58;V;67;V;76;V;63;V;66;V;60;V;54;V;46;V;18;V;16;V;16;V;27;V;45;V;48;V;36;V;45;V;44;V;19;V;21;V;26;V;26;V
28;79;55;8;28079055_8_8;2020;2;18;V;37;V;38;V;54;V;49;V;56;V;56;V;53;V;44;V;56;V;49;V;49;V;45;V;46;V;47;V;41;V;47;V;39;V;49;V;66;V;62;V;69;V;56;V;72;V;46;V;20;V;30;V;65;V;19;V;0;N;0;N
28;79;55;10;28079055_10_47;2020;1;33;V;34;V;44;V;16;V;19;V;25;V;36;V;40;V;37;V;8;N;9;N;10;N;7;N;9;N;13;N;2;N;21;V;16;V;5;V;5;V;4;V;23;V;63;V;48;V;23;V;20;V;26;V;22;V;23;V;27;V;26;V
28;79;55;10;28079055_10_47;2020;2;30;V;38;V;60;V;56;V;16;V;21;V;38;V;47;V;34;V;54;V;55;V;58;V;53;V;33;V;31;V;35;V;40;V;14;V;12;V;18;V;20;V;21;V;15;V;22;V;27;V;11;V;101;V;90;V;65;V;0;N;0;N
28;79;55;12;28079055_12_8;2020;1;161;V;209;V;199;V;72;V;117;V;149;V;253;V;305;V;169;V;109;V;109;V;130;V;195;V;128;V;142;V;134;V;83;V;81;V;22;V;22;V;21;V;35;V;77;V;74;V;46;V;63;V;85;V;26;V;30;V;35;V;38;V
28;79;55;12;28079055_12_8;2020;2;31;V;54;V;119;V;165;V;109;V;115;V;144;V;120;V;86;V;140;V;136;V;122;V;100;V;119;V;131;V;95;V;121;V;61;V;110;V;132;V;118;V;127;V;92;V;157;V;113;V;28;V;73;V;155;V;38;V;0;N;0;N
28;79;55;20;28079055_20_59;2020;1;3,2;V;4,1;V;5,2;V;2,5;V;2,8;V;2,9;V;5,2;V;7,3;V;5,7;V;3,1;V;2;V;2,6;V;4,7;V;4,1;V;5,2;V;4,8;V;5,8;V;2,6;V;0,7;V;0,6;V;0,8;V;1;V;3,2;V;3;V;1,8;V;2,3;V;3,8;V;1,6;V;2,1;V;2,2;V;2,3;V
28;79;55;20;28079055_20_59;2020;2;1,9;V;2,1;V;3,8;V;6,4;V;2,2;V;1,9;V;2,5;V;3;V;1,7;V;5,6;V;3,5;V;3,8;V;3;V;2,2;V;2;V;1,3;V;1,7;V;0,7;V;1,4;V;2,2;V;2,2;V;1,9;V;2;V;2;V;1,8;V;0,5;V;0,9;V;2;V;0,8;V;0;N;0;N
28;79;55;30;28079055_30_59;2020;1;1,4;V;1,5;V;1,7;V;1;V;1;V;1,4;V;1,6;V;2;V;1,3;V;0,8;V;0,9;V;1,4;V;1,7;V;1,5;V;1,6;V;1,4;V;1;V;1,1;V;0,5;V;0,5;V;0,6;V;0,6;V;1,1;V;0,9;V;0,7;V;1;V;1,1;V;0,5;V;0,6;V;0,6;V;0,7;V
28;79;55;30;28079055_30_59;2020;2;0,5;V;0,7;V;0,8;V;1,1;V;0,7;V;0,7;V;0,8;V;0,9;V;0,7;V;0,9;V;0,8;V;0,8;V;0,6;V;0,6;V;0,7;V;0,5;V;0,6;V;0,3;V;0,5;V;1;V;0,6;V;0,6;V;0,5;V;0,6;V;0,5;V;0,3;V;0,3;V;0,5;V;0,2;V;0;N;0;N
28;79;55;35;28079055_35_59;2020;1;0,7;V;0,7;V;1,1;V;0,4;V;0,4;V;0,5;V;0,9;V;1,4;V;0,9;V;0,5;V;0,4;V;0,5;V;1,1;V;0,7;V;0,7;V;0,8;V;0,7;V;0,5;V;0,1;V;0,2;V;0,2;V;0,2;V;0,3;V;0,6;V;0,3;V;0,4;V;0,5;V;0,2;V;0,3;V;0,3;V;0,3;V
28;79;55;35;28079055_35_59;2020;2;0,4;V;0,5;V;0,7;V;1;V;0,4;V;0,4;V;0,4;V;0,5;V;0,3;V;0,6;V;0,6;V;0,7;V;0,5;V;0,4;V;0,4;V;0,2;V;0,3;V;0,1;V;0,2;V;0,8;V;0,1;V;0,1;V;0,8;V;0,1;V;0,1;V;0,1;V;0,1;V;0,1;V;0,1;V;0;N;0;N
28;79;55;42;28079055_42_2;2020;1;1,73;V;1,71;V;1,81;V;1,38;V;1,42;V;1,58;V;1,58;V;1,63;V;1,54;V;1,42;V;1,42;V;1,64;V;1,62;V;1,54;V;1,45;V;1,42;V;1,34;V;1,35;V;1,24;V;1,23;V;1,24;V;1,22;V;1,28;V;1,29;V;1,27;V;1,32;V;1,45;V;1,23;V;1,23;V;1,24;V;1,25;N
28;79;55;42;28079055_42_2;2020;2;1,28;N;1,43;N;1,55;V;1,55;V;1,35;V;1,41;V;1,46;V;1,51;V;1,43;V;1,73;V;1,56;V;1,57;V;1,51;V;1,41;V;1,55;V;1,49;V;1,56;V;1,32;V;1,4;V;1,43;V;1,42;V;1,5;V;1,44;V;1,44;V;1,48;V;1,28;V;1,31;V;1,45;V;1,35;V;0;N;0;N
28;79;55;43;28079055_43_2;2020;1;1,56;V;1,52;V;1,62;V;1,28;V;1,32;V;1,47;V;1,43;V;1,45;V;1,43;V;1,32;V;1,3;V;1,5;V;1,46;V;1,43;V;1,36;V;1,34;V;1,27;V;1,3;V;1,17;V;1,15;V;1,19;V;1,18;V;1,22;V;1,24;V;1,24;V;1,26;V;1,4;V;1,22;V;1,21;V;1,21;V;1,23;N
28;79;55;43;28079055_43_2;2020;2;1,29;N;1,44;N;1,46;V;1,42;V;1,22;V;1,29;V;1,34;V;1,39;V;1,34;V;1,62;V;1,45;V;1,48;V;1,41;V;1,28;V;1,41;V;1,38;V;1,45;V;1,22;V;1,25;V;1,27;V;1,26;V;1,33;V;1,28;V;1,27;V;1,32;V;1,15;V;1,18;V;1,26;V;1,24;V;0;N;0;N
28;79;55;44;28079055_44_2;2020;1;0,17;V;0,19;V;0,2;V;0,1;V;0,1;V;0,11;V;0,15;V;0,18;V;0,11;V;0,11;V;0,11;V;0,14;V;0,16;V;0,11;V;0,1;V;0,08;V;0,07;V;0,06;V;0,07;V;0,09;V;0,06;V;0,04;V;0,07;V;0,05;V;0,03;V;0,06;V;0,05;V;0,02;V;0,02;V;0,03;V;0,02;N
28;79;55;44;28079055_44_2;2020;2;0;N;0;N;0,09;V;0,13;V;0,13;V;0,12;V;0,13;V;0,12;V;0,09;V;0,1;V;0,11;V;0,09;V;0,1;V;0,13;V;0,14;V;0,11;V;0,1;V;0,11;V;0,15;V;0,16;V;0,17;V;0,17;V;0,17;V;0,17;V;0,16;V;0,12;V;0,14;V;0,19;V;0,11;V;0;N;0;N
28;79;56;6;28079056_6_48;2020;1;0,8;V;0,9;V;0,8;V;0,6;V;0,6;V;0,7;V;1;V;1;V;0,7;V;0,5;V;0,6;V;0,6;V;0,8;V;0,7;V;0,6;V;0,6;V;0,4;V;0,4;V;0,3;V;0,3;V;0,3;V;0,4;V;0,4;V;0,4;V;0,4;V;0,4;V;0,4;V;0,2;V;0,2;V;0,3;V;0,3;V
28;79;56;6;28079056_6_48;2020;2;0,3;V;0,3;V;0,6;V;0,6;V;0,5;V;0,5;V;0,7;V;0,6;V;0,4;V;0,6;V;0,5;V;0,5;V;0,4;V;0,6;V;0,7;V;0,5;V;0,4;V;0,4;V;0,5;V;0,7;V;0,7;V;0,6;V;0,5;V;0,5;V;0,5;V;0,3;V;0,3;V;0,5;V;0,3;V;0;N;0;N
28;79;56;7;28079056_7_8;2020;1;103;V;158;V;141;V;69;V;83;V;102;V;178;V;178;V;116;V;61;V;78;V;84;V;121;V;88;V;92;V;72;V;46;V;41;V;19;V;23;V;26;V;39;V;50;V;49;V;27;V;28;V;34;V;11;V;13;V;22;V;19;V
28;79;56;7;28079056_7_8;2020;2;15;V;17;V;93;V;104;V;65;V;64;V;111;V;70;V;41;V;75;V;69;V;54;V;36;V;79;V;91;V;49;V;36;V;33;V;64;V;98;V;107;V;69;V;51;V;63;V;74;V;12;V;17;V;79;V;20;V;0;N;0;N
28;79;56;8;28079056_8_8;2020;1;66;V;80;V;75;V;61;V;67;V;70;V;93;V;96;V;81;V;65;V;72;V;73;V;82;V;71;V;87;V;77;V;55;V;53;V;36;V;39;V;38;V;58;V;61;V;60;V;54;V;45;V;45;V;23;V;27;V;36;V;30;V
28;79;56;8;28079056_8_8;2020;2;23;V;34;V;59;V;66;V;68;V;67;V;70;V;61;V;47;V;63;V;58;V;57;V;44;V;61;V;59;V;45;V;48;V;57;V;63;V;82;V;85;V;78;V;68;V;72;V;60;V;26;V;33;V;66;V;25;V;0;N;0;N
28;79;56;9;28079056_9_47;2020;1;38;V;32;V;42;V;16;V;16;V;21;V;29;V;26;V;26;V;11;V;12;V;21;V;27;V;25;V;26;V;23;V;10;V;10;V;4;V;4;V;3;V;9;V;20;V;15;V;12;V;9;V;11;V;4;V;5;V;8;V;6;V
28;79;56;9;28079056_9_47;2020;2;4;V;11;V;24;V;24;V;9;V;15;V;22;V;25;V;17;V;19;V;25;V;25;V;19;V;24;V;24;V;18;V;11;V;10;V;10;V;18;V;15;V;19;V;13;V;15;V;17;V;5;V;14;V;24;V;12;V;0;N;0;N
28;79;56;10;28079056_10_47;2020;1;44;V;43;V;50;V;19;V;21;V;25;V;39;V;37;V;34;V;15;V;17;V;27;V;34;V;31;V;34;V;34;V;14;V;13;V;7;V;8;V;5;V;19;V;52;V;33;V;19;V;12;V;15;V;6;V;7;V;12;V;8;V
28;79;56;10;28079056_10_47;2020;2;6;V;13;V;40;V;40;V;14;V;23;V;32;V;34;V;22;V;24;V;31;V;30;V;25;V;29;V;30;V;22;V;14;V;14;V;17;V;29;V;25;V;28;V;20;V;24;V;26;V;13;V;57;V;62;V;32;V;0;N;0;N
28;79;56;12;28079056_12_8;2020;1;224;V;322;V;292;V;167;V;194;V;226;V;366;V;370;V;258;V;159;V;192;V;203;V;267;V;205;V;228;V;187;V;125;V;116;V;66;V;75;V;77;V;117;V;138;V;135;V;95;V;89;V;97;V;41;V;47;V;70;V;60;V
28;79;56;12;28079056_12_8;2020;2;46;V;60;V;201;V;225;V;167;V;165;V;241;V;167;V;111;V;178;V;163;V;140;V;98;V;183;V;198;V;120;V;104;V;108;V;161;V;233;V;248;V;185;V;146;V;169;V;174;V;45;V;60;V;188;V;56;V;0;N;0;N
28;79;56;14;28079056_14_6;2020;1;7;V;7;V;4;V;15;V;9;V;9;V;6;V;7;V;10;V;31;V;17;V;11;V;9;V;14;V;7;V;9;V;32;V;19;V;45;V;49;V;41;V;35;V;23;V;24;V;23;V;24;V;26;V;48;V;44;V;40;V;42;V
28;79;56;14;28079056_14_6;2020;2;41;V;26;V;14;V;9;V;25;V;14;V;15;V;15;V;25;V;14;V;8;V;7;V;17;V;12;V;11;V;23;V;16;V;23;V;27;V;14;V;20;V;18;V;27;V;23;V;31;V;66;V;54;V;32;V;52;V;0;N;0;N
28;79;57;1;28079057_1_38;2020;1;7;V;8;V;6;V;5;V;7;V;6;V;8;V;10;V;9;V;5;V;6;V;7;V;7;V;6;V;7;V;6;V;5;V;5;V;5;V;5;V;5;V;5;V;5;V;5;V;5;V;5;V;5;N;5;V;5;V;5;V;5;V
28;79;57;1;28079057_1_38;2020;2;5;V;5;V;6;V;6;V;6;V;5;V;6;V;6;V;5;V;6;V;6;V;6;V;5;V;6;V;6;V;5;V;5;V;5;V;6;V;6;V;6;V;6;V;6;V;6;V;6;V;5;V;5;V;6;V;5;V;0;N;0;N
28;79;57;6;28079057_6_48;2020;1;0,4;V;0,5;V;0,4;V;0,3;V;0,5;V;0,4;V;0,6;V;0,8;V;0,6;V;0,3;V;0,3;V;0,5;V;0,5;V;0,5;V;0,5;V;0,4;V;0,3;V;0,3;V;0,2;V;0,2;V;0,2;N;0,2;N;0,3;V;0,3;V;0,3;V;0,3;V;0,3;N;0,2;V;0,2;V;0,2;V;0,2;V
28;79;57;6;28079057_6_48;2020;2;0,2;V;0,3;V;0,4;V;0,4;V;0,3;V;0,4;V;0,4;V;0,4;V;0,3;V;0,5;V;0,4;V;0,4;V;0,3;V;0,4;V;0,3;V;0,3;V;0,3;V;0,3;V;0,4;V;0,4;V;0,4;V;0,4;V;0,3;V;0,3;V;0,3;V;0,2;V;0,2;V;0,4;V;0,2;V;0;N;0;N
28;79;57;7;28079057_7_8;2020;1;52;V;101;V;50;V;8;V;62;V;36;V;105;V;140;V;81;V;11;V;26;V;45;V;41;V;45;V;48;V;36;V;8;V;14;V;2;V;2;V;3;V;4;V;10;V;9;V;4;V;15;V;18;N;4;V;5;V;5;V;7;V
28;79;57;7;28079057_7_8;2020;2;4;V;8;V;36;V;41;V;24;V;24;V;28;V;31;V;16;V;62;V;44;V;42;V;14;V;35;V;27;V;12;V;13;V;9;V;33;V;44;V;43;V;28;V;15;V;18;V;28;V;4;V;4;V;31;V;13;V;0;N;0;N
28;79;57;8;28079057_8_8;2020;1;58;V;70;V;56;V;32;V;52;V;52;V;80;V;94;V;79;V;39;V;47;V;55;V;64;V;63;V;71;V;57;V;36;V;42;V;12;V;9;V;10;V;17;V;35;V;43;V;29;V;38;V;42;N;18;V;19;V;22;V;23;V
28;79;57;8;28079057_8_8;2020;2;14;V;30;V;36;V;43;V;43;V;49;V;50;V;50;V;39;V;62;V;51;V;51;V;36;V;45;V;42;V;30;V;31;V;28;V;46;V;63;V;58;V;56;V;44;V;46;V;47;V;17;V;18;V;55;V;20;V;0;N;0;N
28;79;57;10;28079057_10_47;2020;1;34;V;34;V;38;V;10;V;17;V;19;V;30;V;34;V;34;V;14;V;10;V;24;V;29;V;38;V;43;V;41;V;12;V;13;V;3;V;3;V;2;V;20;V;53;V;36;V;15;V;13;V;14;N;4;V;7;V;9;V;7;V
28;79;57;10;28079057_10_47;2020;2;5;V;15;V;39;V;35;V;8;V;20;V;28;V;33;V;27;V;34;V;32;V;33;V;23;V;22;V;21;V;21;V;13;V;8;V;12;V;22;V;16;V;20;V;13;V;15;V;19;V;7;V;72;V;65;V;41;V;0;N;0;N
28;79;57;12;28079057_12_8;2020;1;137;V;225;V;132;V;43;V;146;V;107;V;241;V;309;V;203;V;55;V;87;V;125;V;127;V;132;V;144;V;112;V;49;V;63;V;16;V;13;V;14;V;23;V;50;V;56;V;35;V;61;V;70;N;25;V;27;V;30;V;35;V
28;79;57;12;28079057_12_8;2020;2;20;V;42;V;92;V;107;V;81;V;86;V;93;V;97;V;63;V;158;V;118;V;116;V;58;V;98;V;84;V;48;V;51;V;41;V;97;V;130;V;123;V;99;V;67;V;73;V;90;V;23;V;25;V;102;V;40;V;0;N;0;N
28;79;58;7;28079058_7_8;2020;1;25;V;32;V;50;V;15;V;9;V;15;V;30;V;35;V;33;V;7;V;3;V;7;V;15;V;14;V;31;V;18;V;11;V;3;V;1;V;1;V;1;V;1;V;4;V;6;V;2;V;3;V;4;V;1;V;2;V;2;V;3;V
28;79;58;7;28079058_7_8;2020;2;3;V;3;V;9;V;20;V;6;V;8;V;13;V;6;V;2;V;20;V;20;V;22;V;7;V;8;V;7;V;6;V;6;V;4;V;5;V;9;V;8;V;5;V;4;V;9;V;8;V;2;V;2;V;7;V;1;V;0;N;0;N
28;79;58;8;28079058_8_8;2020;1;33;V;37;V;37;V;17;V;23;V;33;V;40;V;49;V;48;V;14;V;17;V;32;V;37;V;34;V;43;V;33;V;20;V;22;V;5;V;6;V;4;V;7;V;20;V;31;V;17;V;14;V;15;V;5;V;7;V;8;V;10;V
28;79;58;8;28079058_8_8;2020;2;10;V;17;V;20;V;29;V;16;V;22;V;25;V;17;V;12;V;32;V;30;V;41;V;20;V;22;V;16;V;14;V;14;V;13;V;13;V;26;V;27;V;27;V;22;V;25;V;13;V;6;V;9;V;24;V;7;V;0;N;0;N
28;79;58;12;28079058_12_8;2020;1;72;V;85;V;114;V;41;V;38;V;56;V;86;V;102;V;98;V;25;V;21;V;42;V;60;V;55;V;91;V;60;V;37;V;26;V;7;V;9;V;5;V;9;V;25;V;40;V;21;V;19;V;21;V;7;V;9;V;11;V;14;V
28;79;58;12;28079058_12_8;2020;2;14;V;21;V;33;V;60;V;25;V;35;V;45;V;27;V;15;V;63;V;62;V;74;V;31;V;35;V;27;V;23;V;23;V;20;V;21;V;40;V;39;V;34;V;28;V;38;V;25;V;9;V;12;V;35;V;10;V;0;N;0;N
28;79;58;14;28079058_14_6;2020;1;8;N;9;N;5;V;23;V;18;V;12;V;8;V;6;V;10;V;48;V;31;V;17;V;11;V;12;V;5;V;8;V;28;V;19;V;55;V;68;V;63;V;65;V;43;V;24;V;35;V;28;V;28;V;55;V;51;V;51;V;47;V
28;79;58;14;28079058_14_6;2020;2;36;V;24;V;19;V;10;V;33;V;18;V;15;V;18;V;30;V;10;V;6;V;5;V;19;V;15;V;18;V;21;V;13;V;32;V;37;V;27;V;32;V;30;V;38;V;34;V;45;V;80;V;68;V;38;V;47;V;0;N;0;N
28;79;59;7;28079059_7_8;2020;1;19;V;38;V;40;V;3;V;19;V;29;V;65;V;84;V;42;V;11;V;18;V;23;V;33;V;22;V;26;V;22;V;6;V;9;V;1;V;1;V;1;V;1;V;4;V;4;V;1;V;8;V;13;V;3;V;3;V;3;V;5;V
28;79;59;7;28079059_7_8;2020;2;2;V;5;V;39;V;41;V;13;V;19;V;29;V;25;V;19;V;39;V;37;V;35;V;18;V;29;V;26;V;12;V;21;V;3;V;26;V;15;V;25;V;16;V;18;V;16;V;26;V;3;V;10;V;37;V;11;V;0;N;0;N
28;79;59;8;28079059_8_8;2020;1;37;V;46;V;49;V;21;V;32;V;38;V;56;V;69;V;61;V;30;V;38;V;42;V;56;V;48;V;53;V;49;V;36;V;35;V;8;V;10;V;11;V;13;V;27;V;33;V;19;V;36;V;40;V;18;V;20;V;23;V;25;V
28;79;59;8;28079059_8_8;2020;2;16;V;32;V;37;V;42;V;34;V;41;V;43;V;45;V;36;V;51;V;46;V;47;V;40;V;38;V;36;V;31;V;38;V;20;V;34;V;41;V;41;V;42;V;36;V;45;V;43;V;16;V;23;V;51;V;20;V;0;N;0;N
28;79;59;12;28079059_12_8;2020;1;66;V;104;V;111;V;26;V;61;V;82;V;155;V;197;V;126;V;46;V;65;V;77;V;107;V;81;V;92;V;83;V;45;V;49;V;10;V;12;V;13;V;15;V;34;V;39;V;21;V;48;V;60;V;22;V;25;V;28;V;32;V
28;79;59;12;28079059_12_8;2020;2;20;V;39;V;96;V;105;V;53;V;71;V;88;V;84;V;65;V;111;V;103;V;101;V;67;V;82;V;76;V;49;V;70;V;24;V;73;V;64;V;79;V;66;V;62;V;69;V;82;V;20;V;37;V;109;V;36;V;0;N;0;N
28;79;59;14;28079059_14_6;2020;1;11;V;9;V;2;V;30;V;24;V;19;V;12;V;9;V;8;V;35;V;30;V;22;V;7;V;9;V;6;V;9;V;34;V;17;V;57;V;58;V;48;V;52;V;33;V;24;V;37;V;20;V;17;V;42;V;39;V;40;V;35;V
28;79;59;14;28079059_14_6;2020;2;35;V;16;V;13;V;13;V;35;V;15;V;14;V;9;V;12;V;5;V;3;V;2;V;8;V;12;V;14;V;19;V;8;V;36;V;35;V;27;V;34;V;31;V;42;V;32;V;27;V;62;V;51;V;26;V;48;V;0;N;0;N
28;79;60;7;28079060_7_8;2020;1;51;V;76;V;72;V;8;V;39;V;34;V;106;V;125;V;113;V;11;V;21;V;37;V;49;V;47;V;54;V;21;V;3;V;12;V;1;V;1;V;1;V;2;V;4;V;5;V;1;V;7;V;9;V;1;V;1;V;3;V;5;V
28;79;60;7;28079060_7_8;2020;2;3;V;5;V;31;V;52;V;16;V;23;V;30;V;23;V;9;V;42;V;34;V;35;V;9;V;28;V;21;V;14;V;8;V;7;V;24;V;31;V;23;V;25;V;12;V;20;V;24;V;4;V;5;V;34;V;9;V;0;N;0;N
28;79;60;8;28079060_8_8;2020;1;75;V;81;V;80;V;46;V;66;V;69;V;105;V;114;V;107;V;40;V;63;V;75;V;78;V;64;V;73;V;49;V;26;V;40;V;5;V;8;V;8;V;13;V;27;V;36;V;22;V;23;V;28;V;7;V;8;V;17;V;21;V
28;79;60;8;28079060_8_8;2020;2;14;V;30;V;47;V;61;V;52;V;68;V;68;V;60;V;42;V;71;V;65;V;65;V;39;V;55;V;52;V;42;V;33;V;38;V;56;V;86;V;73;V;77;V;61;V;71;V;59;V;21;V;21;V;65;V;22;V;0;N;0;N
28;79;60;10;28079060_10_47;2020;1;24;V;19;V;23;V;6;V;14;V;14;V;23;V;24;V;27;V;8;V;11;V;15;V;18;V;24;V;30;V;21;V;11;V;9;V;4;V;7;V;5;V;20;V;51;V;33;V;12;V;10;V;11;V;5;V;6;V;8;V;6;V
28;79;60;10;28079060_10_47;2020;2;6;V;9;V;32;V;33;V;9;V;19;V;24;V;24;V;15;V;22;V;17;V;18;V;10;V;15;V;14;V;16;V;9;V;7;V;11;V;17;V;16;V;19;V;14;V;17;V;18;V;8;V;77;V;60;V;41;V;0;N;0;N
28;79;60;12;28079060_12_8;2020;1;153;V;198;V;190;V;58;V;125;V;121;V;268;V;305;V;280;V;58;V;96;V;131;V;154;V;137;V;156;V;82;V;30;V;58;V;7;V;10;V;10;V;16;V;34;V;43;V;24;V;33;V;42;V;9;V;10;V;22;V;29;V
28;79;60;12;28079060_12_8;2020;2;19;V;37;V;94;V;140;V;77;V;102;V;115;V;96;V;55;V;136;V;118;V;119;V;52;V;98;V;85;V;63;V;45;V;49;V;92;V;134;V;108;V;116;V;79;V;101;V;96;V;27;V;28;V;117;V;36;V;0;N;0;N
28;79;60;14;28079060_14_6;2020;1;6;V;5;V;2;V;24;V;17;V;10;V;4;V;5;V;5;V;45;V;28;V;17;V;7;V;11;V;3;V;14;V;45;V;17;V;63;V;65;V;57;V;58;V;41;V;27;V;42;V;35;V;31;V;56;V;53;V;55;V;51;V
28;79;60;14;28079060_14_6;2020;2;48;V;31;V;20;V;20;V;48;V;24;V;22;V;22;V;33;V;12;V;9;V;8;V;25;V;21;V;25;V;34;V;33;V;53;V;48;V;28;V;47;V;40;V;53;V;44;V;50;V;83;V;75;V;37;V;58;V;0;N;0;N
